time,open,high,low,close,volume,source
2026-09-27T14:06:00.000000+00:00,92236.48,92237.66,92236.48,92237.66,60.0,mt5
2026-09-27T14:07:00.000000+00:00,92237.68,92238.86,92237.68,92238.86,60.0,mt5
2026-09-27T14:08:00.000000+00:00,92238.88,92240.06,92238.88,92240.06,60.0,mt5
2026-09-27T14:09:00.000000+00:00,92240.08,92241.26,92240.08,92241.26,60.0,mt5
2026-09-27T14:10:00.000000+00:00,92241.28,92242.46,92241.28,92242.46,60.0,mt5
2026-09-27T14:11:00.000000+00:00,92242.48,92243.66,92242.48,92243.66,60.0,mt5
2026-09-27T14:12:00.000000+00:00,92243.68,92244.86,92243.68,92244.86,60.0,mt5
2026-09-27T14:13:00.000000+00:00,92244.88,92246.06,92244.88,92246.06,60.0,mt5
2026-09-27T14:14:00.000000+00:00,92246.08,92247.26,92246.08,92247.26,60.0,mt5
2026-09-27T14:15:00.000000+00:00,92247.28,92248.46,92247.28,92248.46,60.0,mt5
2026-09-27T14:16:00.000000+00:00,92248.48,92249.66,92248.48,92249.66,60.0,mt5
2026-09-27T14:17:00.000000+00:00,92249.68,92250.86,92249.68,92250.86,60.0,mt5
2026-09-27T14:18:00.000000+00:00,92250.88,92252.06,92250.88,92252.06,60.0,mt5
2026-09-27T14:19:00.000000+00:00,92252.08,92253.26,92252.08,92253.26,60.0,mt5
2026-09-27T14:20:00.000000+00:00,92253.28,92254.46,92253.28,92254.46,60.0,mt5
2026-09-27T14:21:00.000000+00:00,92254.48,92255.66,92254.48,92255.66,60.0,mt5
2026-09-27T14:22:00.000000+00:00,92255.68,92256.86,92255.68,92256.86,60.0,mt5
2026-09-27T14:23:00.000000+00:00,92256.88,92258.06,92256.88,92258.06,60.0,mt5
2026-09-27T14:24:00.000000+00:00,92258.08,92259.26,92258.08,92259.26,60.0,mt5
2026-09-27T14:25:00.000000+00:00,92259.28,92260.46,92259.28,92260.46,60.0,mt5
2026-09-27T14:26:00.000000+00:00,92260.48,92261.66,92260.48,92261.66,60.0,mt5
2026-09-27T14:27:00.000000+00:00,92261.68,92262.86,92261.68,92262.86,60.0,mt5
2026-09-27T14:28:00.000000+00:00,92262.88,92264.06,92262.88,92264.06,60.0,mt5
2026-09-27T14:29:00.000000+00:00,92264.08,92265.26,92264.08,92265.26,60.0,mt5
2026-09-27T14:30:00.000000+00:00,92265.28,92266.46,92265.28,92266.46,60.0,mt5
2026-09-27T14:31:00.000000+00:00,92266.48,92267.66,92266.48,92267.66,60.0,mt5
2026-09-27T14:32:00.000000+00:00,92267.68,92268.86,92267.68,92268.86,60.0,mt5
2026-09-27T14:33:00.000000+00:00,92268.88,92270.06,92268.88,92270.06,60.0,mt5
2026-09-27T14:34:00.000000+00:00,92270.08,92271.26,92270.08,92271.26,60.0,mt5
2026-09-27T14:35:00.000000+00:00,92271.28,92272.46,92271.28,92272.46,60.0,mt5
2026-09-27T14:36:00.000000+00:00,92272.48,92273.66,92272.48,92273.66,60.0,mt5
2026-09-27T14:37:00.000000+00:00,92273.68,92274.86,92273.68,92274.86,60.0,mt5
2026-09-27T14:38:00.000000+00:00,92274.88,92276.06,92274.88,92276.06,60.0,mt5
2026-09-27T14:39:00.000000+00:00,92276.08,92277.26,92276.08,92277.26,60.0,mt5
2026-09-27T14:40:00.000000+00:00,92277.28,92278.46,92277.28,92278.46,60.0,mt5
2026-09-27T14:41:00.000000+00:00,92278.48,92279.66,92278.48,92279.66,60.0,mt5
2026-09-27T14:42:00.000000+00:00,92279.68,92280.86,92279.68,92280.86,60.0,mt5
2026-09-27T14:43:00.000000+00:00,92280.88,92282.06,92280.88,92282.06,60.0,mt5
2026-09-27T14:44:00.000000+00:00,92282.08,92283.26,92282.08,92283.26,60.0,mt5
2026-09-27T14:45:00.000000+00:00,92283.28,92284.46,92283.28,92284.46,60.0,mt5
2026-09-27T14:46:00.000000+00:00,92284.48,92285.66,92284.48,92285.66,60.0,mt5
2026-09-27T14:47:00.000000+00:00,92285.68,92286.86,92285.68,92286.86,60.0,mt5
2026-09-27T14:48:00.000000+00:00,92286.88,92288.06,92286.88,92288.06,60.0,mt5
2026-09-27T14:49:00.000000+00:00,92288.08,92289.26,92288.08,92289.26,60.0,mt5
2026-09-27T14:50:00.000000+00:00,92289.28,92290.46,92289.28,92290.46,60.0,mt5
2026-09-27T14:51:00.000000+00:00,92290.48,92291.66,92290.48,92291.66,60.0,mt5
2026-09-27T14:52:00.000000+00:00,92291.68,92292.86,92291.68,92292.86,60.0,mt5
2026-09-27T14:53:00.000000+00:00,92292.88,92294.06,92292.88,92294.06,60.0,mt5
2026-09-27T14:54:00.000000+00:00,92294.08,92295.26,92294.08,92295.26,60.0,mt5
2026-09-27T14:55:00.000000+00:00,92295.28,92296.46,92295.28,92296.46,60.0,mt5
2026-09-27T14:56:00.000000+00:00,92296.48,92297.66,92296.48,92297.66,60.0,mt5
2026-09-27T14:57:00.000000+00:00,92297.68,92298.86,92297.68,92298.86,60.0,mt5
2026-09-27T14:58:00.000000+00:00,92298.88,92300.06,92298.88,92300.06,60.0,mt5
2026-09-27T14:59:00.000000+00:00,92300.08,92301.26,92300.08,92301.26,60.0,mt5
2026-09-27T15:00:00.000000+00:00,92301.28,92302.46,92301.28,92302.46,60.0,mt5
2026-09-27T15:01:00.000000+00:00,92302.48,92303.66,92302.48,92303.66,60.0,mt5
2026-09-27T15:02:00.000000+00:00,92303.68,92304.86,92303.68,92304.86,60.0,mt5
2026-09-27T15:03:00.000000+00:00,92304.88,92306.06,92304.88,92306.06,60.0,mt5
2026-09-27T15:04:00.000000+00:00,92306.08,92307.26,92306.08,92307.26,60.0,mt5
2026-09-27T15:05:00.000000+00:00,92307.28,92308.46,92307.28,92308.46,60.0,mt5
2026-09-27T15:06:00.000000+00:00,92308.48,92309.66,92308.48,92309.66,60.0,mt5
2026-09-27T15:07:00.000000+00:00,92309.68,92310.86,92309.68,92310.86,60.0,mt5
2026-09-27T15:08:00.000000+00:00,92310.88,92312.06,92310.88,92312.06,60.0,mt5
2026-09-27T15:09:00.000000+00:00,92312.08,92313.26,92312.08,92313.26,60.0,mt5
2026-09-27T15:10:00.000000+00:00,92313.28,92314.46,92313.28,92314.46,60.0,mt5
2026-09-27T15:11:00.000000+00:00,92314.48,92315.66,92314.48,92315.66,60.0,mt5
2026-09-27T15:12:00.000000+00:00,92315.68,92316.86,92315.68,92316.86,60.0,mt5
2026-09-27T15:13:00.000000+00:00,92316.88,92318.06,92316.88,92318.06,60.0,mt5
2026-09-27T15:14:00.000000+00:00,92318.08,92319.26,92318.08,92319.26,60.0,mt5
2026-09-27T15:15:00.000000+00:00,92319.28,92320.46,92319.28,92320.46,60.0,mt5
2026-09-27T15:16:00.000000+00:00,92320.48,92321.66,92320.48,92321.66,60.0,mt5
2026-09-27T15:17:00.000000+00:00,92321.68,92322.86,92321.68,92322.86,60.0,mt5
2026-09-27T15:18:00.000000+00:00,92322.88,92324.06,92322.88,92324.06,60.0,mt5
2026-09-27T15:19:00.000000+00:00,92324.08,92325.26,92324.08,92325.26,60.0,mt5
2026-09-27T15:20:00.000000+00:00,92325.28,92326.46,92325.28,92326.46,60.0,mt5
2026-09-27T15:21:00.000000+00:00,92326.48,92327.66,92326.48,92327.66,60.0,mt5
2026-09-27T15:22:00.000000+00:00,92327.68,92328.86,92327.68,92328.86,60.0,mt5
2026-09-27T15:23:00.000000+00:00,92328.88,92330.06,92328.88,92330.06,60.0,mt5
2026-09-27T15:24:00.000000+00:00,92330.08,92331.26,92330.08,92331.26,60.0,mt5
2026-09-27T15:25:00.000000+00:00,92331.28,92332.46,92331.28,92332.46,60.0,mt5
2026-09-27T15:26:00.000000+00:00,92332.48,92332.48,92303.92,92305.08,60.0,mt5
2026-09-27T15:27:00.000000+00:00,92305.1,92306.28,92305.1,92306.28,60.0,mt5
2026-09-27T15:28:00.000000+00:00,92306.3,92307.48,92306.3,92307.48,60.0,mt5
2026-09-27T15:29:00.000000+00:00,92307.5,92308.68,92307.5,92308.68,60.0,mt5
2026-09-27T15:30:00.000000+00:00,92308.7,92309.88,92308.7,92309.88,60.0,mt5
2026-09-27T15:31:00.000000+00:00,92309.9,92311.08,92309.9,92311.08,60.0,mt5
2026-09-27T15:32:00.000000+00:00,92311.1,92312.28,92311.1,92312.28,60.0,mt5
2026-09-27T15:33:00.000000+00:00,92312.3,92313.48,92312.3,92313.48,60.0,mt5
2026-09-27T15:34:00.000000+00:00,92313.5,92314.68,92313.5,92314.68,60.0,mt5
2026-09-27T15:35:00.000000+00:00,92314.7,92315.88,92314.7,92315.88,60.0,mt5
2026-09-27T15:36:00.000000+00:00,92315.9,92317.08,92315.9,92317.08,60.0,mt5
2026-09-27T15:37:00.000000+00:00,92317.1,92318.28,92317.1,92318.28,60.0,mt5
2026-09-27T15:38:00.000000+00:00,92318.3,92319.48,92318.3,92319.48,60.0,mt5
2026-09-27T15:39:00.000000+00:00,92319.5,92320.68,92319.5,92320.68,60.0,mt5
2026-09-27T15:40:00.000000+00:00,92320.7,92321.88,92320.7,92321.88,60.0,mt5
2026-09-27T15:41:00.000000+00:00,92321.9,92323.08,92321.9,92323.08,60.0,mt5
2026-09-27T15:42:00.000000+00:00,92323.1,92324.28,92323.1,92324.28,60.0,mt5
2026-09-27T15:43:00.000000+00:00,92324.3,92325.48,92324.3,92325.48,60.0,mt5
2026-09-27T15:44:00.000000+00:00,92325.5,92326.68,92325.5,92326.68,60.0,mt5
2026-09-27T15:45:00.000000+00:00,92326.7,92327.88,92326.7,92327.88,60.0,mt5
2026-09-27T15:46:00.000000+00:00,92327.9,92329.08,92327.9,92329.08,60.0,mt5
2026-09-27T15:47:00.000000+00:00,92329.1,92330.28,92329.1,92330.28,60.0,mt5
2026-09-27T15:48:00.000000+00:00,92330.3,92331.48,92330.3,92331.48,60.0,mt5
2026-09-27T15:49:00.000000+00:00,92331.5,92332.68,92331.5,92332.68,60.0,mt5
2026-09-27T15:50:00.000000+00:00,92332.7,92333.88,92332.7,92333.88,60.0,mt5
2026-09-27T15:51:00.000000+00:00,92333.9,92335.08,92333.9,92335.08,60.0,mt5
2026-09-27T15:52:00.000000+00:00,92335.1,92336.28,92335.1,92336.28,60.0,mt5
2026-09-27T15:53:00.000000+00:00,92336.3,92337.48,92336.3,92337.48,60.0,mt5
2026-09-27T15:54:00.000000+00:00,92337.5,92338.68,92337.5,92338.68,60.0,mt5
2026-09-27T15:55:00.000000+00:00,92338.7,92339.88,92338.7,92339.88,60.0,mt5
2026-09-27T15:56:00.000000+00:00,92339.9,92341.08,92339.9,92341.08,60.0,mt5
2026-09-27T15:57:00.000000+00:00,92341.1,92342.28,92341.1,92342.28,60.0,mt5
2026-09-27T15:58:00.000000+00:00,92342.3,92343.48,92342.3,92343.48,60.0,mt5
2026-09-27T15:59:00.000000+00:00,92343.5,92344.68,92343.5,92344.68,60.0,mt5
2026-09-27T16:00:00.000000+00:00,92344.7,92345.88,92344.7,92345.88,60.0,mt5
2026-09-27T16:01:00.000000+00:00,92345.9,92347.08,92345.9,92347.08,60.0,mt5
2026-09-27T16:02:00.000000+00:00,92347.1,92348.28,92347.1,92348.28,60.0,mt5
2026-09-27T16:03:00.000000+00:00,92348.3,92349.48,92348.3,92349.48,60.0,mt5
2026-09-27T16:04:00.000000+00:00,92349.5,92350.68,92349.5,92350.68,60.0,mt5
2026-09-27T16:05:00.000000+00:00,92350.7,92351.88,92350.7,92351.88,60.0,mt5
2026-09-27T16:06:00.000000+00:00,92351.9,92353.08,92351.9,92353.08,60.0,mt5
2026-09-27T16:07:00.000000+00:00,92353.1,92353.62,92337.63,92338.27,60.0,mt5
2026-09-27T16:08:00.000000+00:00,92338.29,92339.47,92338.29,92339.47,60.0,mt5
2026-09-27T16:09:00.000000+00:00,92339.49,92339.87,92321.08,92321.86,60.0,mt5
2026-09-27T16:10:00.000000+00:00,92321.88,92323.06,92321.88,92323.06,60.0,mt5
2026-09-27T16:11:00.000000+00:00,92323.08,92324.26,92323.08,92324.26,60.0,mt5
2026-09-27T16:12:00.000000+00:00,92324.28,92325.46,92324.28,92325.46,60.0,mt5
2026-09-27T16:13:00.000000+00:00,92325.48,92326.66,92325.48,92326.66,60.0,mt5
2026-09-27T16:14:00.000000+00:00,92326.68,92327.86,92326.68,92327.86,60.0,mt5
2026-09-27T16:15:00.000000+00:00,92327.88,92329.06,92327.88,92329.06,60.0,mt5
2026-09-27T16:16:00.000000+00:00,92329.08,92330.26,92329.08,92330.26,60.0,mt5
2026-09-27T16:17:00.000000+00:00,92330.28,92331.46,92330.28,92331.46,60.0,mt5
2026-09-27T16:18:00.000000+00:00,92331.48,92332.66,92331.48,92332.66,60.0,mt5
2026-09-27T16:19:00.000000+00:00,92332.68,92333.48,92299.46,92299.82,60.0,mt5
2026-09-27T16:20:00.000000+00:00,92299.84,92301.02,92299.84,92301.02,60.0,mt5
2026-09-27T16:21:00.000000+00:00,92301.04,92302.22,92301.04,92302.22,60.0,mt5
2026-09-27T16:22:00.000000+00:00,92302.24,92303.42,92302.24,92303.42,60.0,mt5
2026-09-27T16:23:00.000000+00:00,92303.44,92304.62,92303.44,92304.62,60.0,mt5
2026-09-27T16:24:00.000000+00:00,92304.64,92305.82,92304.64,92305.82,60.0,mt5
2026-09-27T16:25:00.000000+00:00,92305.84,92307.02,92305.84,92307.02,60.0,mt5
2026-09-27T16:26:00.000000+00:00,92307.04,92308.08,92288.21,92288.33,60.0,mt5
2026-09-27T16:27:00.000000+00:00,92288.35,92289.53,92288.35,92289.53,60.0,mt5
2026-09-27T16:28:00.000000+00:00,92289.55,92290.73,92289.55,92290.73,60.0,mt5
2026-09-27T16:29:00.000000+00:00,92290.75,92291.93,92290.75,92291.93,60.0,mt5
2026-09-27T16:30:00.000000+00:00,92291.95,92293.13,92291.95,92293.13,60.0,mt5
2026-09-27T16:31:00.000000+00:00,92293.15,92294.33,92293.15,92294.33,60.0,mt5
2026-09-27T16:32:00.000000+00:00,92294.35,92295.53,92294.35,92295.53,60.0,mt5
2026-09-27T16:33:00.000000+00:00,92295.55,92296.73,92295.55,92296.73,60.0,mt5
2026-09-27T16:34:00.000000+00:00,92296.75,92297.93,92296.75,92297.93,60.0,mt5
2026-09-27T16:35:00.000000+00:00,92297.95,92299.13,92297.95,92299.13,60.0,mt5
2026-09-27T16:36:00.000000+00:00,92299.15,92300.33,92299.15,92300.33,60.0,mt5
2026-09-27T16:37:00.000000+00:00,92300.35,92301.53,92300.35,92301.53,60.0,mt5
2026-09-27T16:38:00.000000+00:00,92301.55,92302.73,92301.55,92302.73,60.0,mt5
2026-09-27T16:39:00.000000+00:00,92302.75,92303.93,92302.75,92303.93,60.0,mt5
2026-09-27T16:40:00.000000+00:00,92303.95,92305.13,92303.95,92305.13,60.0,mt5
2026-09-27T16:41:00.000000+00:00,92305.15,92306.33,92305.15,92306.33,60.0,mt5
2026-09-27T16:42:00.000000+00:00,92306.35,92307.53,92306.35,92307.53,60.0,mt5
2026-09-27T16:43:00.000000+00:00,92307.55,92308.73,92307.55,92308.73,60.0,mt5
2026-09-27T16:44:00.000000+00:00,92308.75,92309.93,92308.75,92309.93,60.0,mt5
2026-09-27T16:45:00.000000+00:00,92309.95,92311.13,92309.95,92311.13,60.0,mt5
2026-09-27T16:46:00.000000+00:00,92311.15,92312.33,92311.15,92312.33,60.0,mt5
2026-09-27T16:47:00.000000+00:00,92312.35,92313.07,92286.99,92287.43,60.0,mt5
2026-09-27T16:48:00.000000+00:00,92287.45,92288.63,92287.45,92288.63,60.0,mt5
2026-09-27T16:49:00.000000+00:00,92288.65,92289.83,92288.65,92289.83,60.0,mt5
2026-09-27T16:50:00.000000+00:00,92289.85,92291.03,92289.85,92291.03,60.0,mt5
2026-09-27T16:51:00.000000+00:00,92291.05,92292.23,92291.05,92292.23,60.0,mt5
2026-09-27T16:52:00.000000+00:00,92292.25,92293.43,92292.25,92293.43,60.0,mt5
2026-09-27T16:53:00.000000+00:00,92293.45,92294.63,92293.45,92294.63,60.0,mt5
2026-09-27T16:54:00.000000+00:00,92294.65,92295.83,92294.65,92295.83,60.0,mt5
2026-09-27T16:55:00.000000+00:00,92295.85,92297.03,92295.85,92297.03,60.0,mt5
2026-09-27T16:56:00.000000+00:00,92297.05,92298.23,92297.05,92298.23,60.0,mt5
2026-09-27T16:57:00.000000+00:00,92298.25,92299.43,92298.25,92299.43,60.0,mt5
2026-09-27T16:58:00.000000+00:00,92299.45,92300.63,92299.45,92300.63,60.0,mt5
2026-09-27T16:59:00.000000+00:00,92300.65,92301.83,92300.65,92301.83,60.0,mt5
2026-09-27T17:00:00.000000+00:00,92301.85,92303.03,92301.85,92303.03,60.0,mt5
2026-09-27T17:01:00.000000+00:00,92303.05,92304.23,92303.05,92304.23,60.0,mt5
2026-09-27T17:02:00.000000+00:00,92304.25,92305.43,92304.25,92305.43,60.0,mt5
2026-09-27T17:03:00.000000+00:00,92305.45,92306.63,92305.45,92306.63,60.0,mt5
2026-09-27T17:04:00.000000+00:00,92306.65,92307.83,92306.65,92307.83,60.0,mt5
2026-09-27T17:05:00.000000+00:00,92307.85,92309.03,92307.85,92309.03,60.0,mt5
2026-09-27T17:06:00.000000+00:00,92309.05,92310.23,92309.05,92310.23,60.0,mt5
2026-09-27T17:07:00.000000+00:00,92310.25,92311.43,92310.25,92311.43,60.0,mt5
2026-09-27T17:08:00.000000+00:00,92311.45,92312.63,92311.45,92312.63,60.0,mt5
2026-09-27T17:09:00.000000+00:00,92312.65,92313.83,92312.65,92313.83,60.0,mt5
2026-09-27T17:10:00.000000+00:00,92313.85,92315.03,92313.85,92315.03,60.0,mt5
2026-09-27T17:11:00.000000+00:00,92315.05,92316.23,92315.05,92316.23,60.0,mt5
2026-09-27T17:12:00.000000+00:00,92316.25,92317.43,92316.25,92317.43,60.0,mt5
2026-09-27T17:13:00.000000+00:00,92317.45,92318.63,92317.45,92318.63,60.0,mt5
2026-09-27T17:14:00.000000+00:00,92318.65,92319.83,92318.65,92319.83,60.0,mt5
2026-09-27T17:15:00.000000+00:00,92319.85,92321.03,92319.85,92321.03,60.0,mt5
2026-09-27T17:16:00.000000+00:00,92321.05,92322.23,92321.05,92322.23,60.0,mt5
2026-09-27T17:17:00.000000+00:00,92322.25,92323.43,92322.25,92323.43,60.0,mt5
2026-09-27T17:18:00.000000+00:00,92323.45,92323.95,92295.18,92295.84,60.0,mt5
2026-09-27T17:19:00.000000+00:00,92295.86,92297.04,92295.86,92297.04,60.0,mt5
2026-09-27T17:20:00.000000+00:00,92297.06,92297.1,92278.29,92279.41,60.0,mt5
2026-09-27T17:21:00.000000+00:00,92279.43,92280.61,92279.43,92280.61,60.0,mt5
2026-09-27T17:22:00.000000+00:00,92280.63,92281.81,92280.63,92281.81,60.0,mt5
2026-09-27T17:23:00.000000+00:00,92281.83,92283.01,92281.83,92283.01,60.0,mt5
2026-09-27T17:24:00.000000+00:00,92283.03,92284.21,92283.03,92284.21,60.0,mt5
2026-09-27T17:25:00.000000+00:00,92284.23,92285.41,92284.23,92285.41,60.0,mt5
2026-09-27T17:26:00.000000+00:00,92285.43,92286.61,92285.43,92286.61,60.0,mt5
2026-09-27T17:27:00.000000+00:00,92286.63,92287.81,92286.63,92287.81,60.0,mt5
2026-09-27T17:28:00.000000+00:00,92287.83,92289.01,92287.83,92289.01,60.0,mt5
2026-09-27T17:29:00.000000+00:00,92289.03,92290.21,92289.03,92290.21,60.0,mt5
2026-09-27T17:30:00.000000+00:00,92290.23,92291.41,92290.23,92291.41,60.0,mt5
2026-09-27T17:31:00.000000+00:00,92291.43,92292.61,92291.43,92292.61,60.0,mt5
2026-09-27T17:32:00.000000+00:00,92292.63,92293.81,92292.63,92293.81,60.0,mt5
2026-09-27T17:33:00.000000+00:00,92293.83,92295.01,92293.83,92295.01,60.0,mt5
2026-09-27T17:34:00.000000+00:00,92295.03,92296.21,92295.03,92296.21,60.0,mt5
2026-09-27T17:35:00.000000+00:00,92296.23,92297.41,92296.23,92297.41,60.0,mt5
2026-09-27T17:36:00.000000+00:00,92297.43,92298.61,92297.43,92298.61,60.0,mt5
2026-09-27T17:37:00.000000+00:00,92298.63,92299.81,92298.63,92299.81,60.0,mt5
2026-09-27T17:38:00.000000+00:00,92299.83,92301.01,92299.83,92301.01,60.0,mt5
2026-09-27T17:39:00.000000+00:00,92301.03,92302.21,92301.03,92302.21,60.0,mt5
2026-09-27T17:40:00.000000+00:00,92302.23,92303.41,92302.23,92303.41,60.0,mt5
2026-09-27T17:41:00.000000+00:00,92303.43,92304.61,92303.43,92304.61,60.0,mt5
2026-09-27T17:42:00.000000+00:00,92304.63,92305.81,92304.63,92305.81,60.0,mt5
2026-09-27T17:43:00.000000+00:00,92305.83,92307.01,92305.83,92307.01,60.0,mt5
2026-09-27T17:44:00.000000+00:00,92307.03,92308.21,92307.03,92308.21,60.0,mt5
2026-09-27T17:45:00.000000+00:00,92308.23,92309.41,92308.23,92309.41,60.0,mt5
2026-09-27T17:46:00.000000+00:00,92309.43,92310.61,92309.43,92310.61,60.0,mt5
2026-09-27T17:47:00.000000+00:00,92310.63,92311.81,92310.63,92311.81,60.0,mt5
2026-09-27T17:48:00.000000+00:00,92311.83,92313.01,92311.83,92313.01,60.0,mt5
2026-09-27T17:49:00.000000+00:00,92313.03,92314.21,92313.03,92314.21,60.0,mt5
2026-09-27T17:50:00.000000+00:00,92314.23,92315.41,92314.23,92315.41,60.0,mt5
2026-09-27T17:51:00.000000+00:00,92315.43,92316.61,92315.43,92316.61,60.0,mt5
2026-09-27T17:52:00.000000+00:00,92316.63,92317.81,92316.63,92317.81,60.0,mt5
2026-09-27T17:53:00.000000+00:00,92317.83,92319.01,92317.83,92319.01,60.0,mt5
2026-09-27T17:54:00.000000+00:00,92319.03,92320.21,92319.03,92320.21,60.0,mt5
2026-09-27T17:55:00.000000+00:00,92320.23,92321.41,92320.23,92321.41,60.0,mt5
2026-09-27T17:56:00.000000+00:00,92321.43,92322.61,92321.43,92322.61,60.0,mt5
2026-09-27T17:57:00.000000+00:00,92322.63,92323.81,92322.63,92323.81,60.0,mt5
2026-09-27T17:58:00.000000+00:00,92323.83,92325.01,92323.83,92325.01,60.0,mt5
2026-09-27T17:59:00.000000+00:00,92325.03,92326.21,92325.03,92326.21,60.0,mt5
2026-09-27T18:00:00.000000+00:00,92326.23,92327.41,92326.23,92327.41,60.0,mt5
2026-09-27T18:01:00.000000+00:00,92327.43,92328.61,92327.43,92328.61,60.0,mt5
2026-09-27T18:02:00.000000+00:00,92328.63,92329.81,92328.63,92329.81,60.0,mt5
2026-09-27T18:03:00.000000+00:00,92329.83,92331.01,92329.83,92331.01,60.0,mt5
2026-09-27T18:04:00.000000+00:00,92331.03,92332.21,92331.03,92332.21,60.0,mt5
2026-09-27T18:05:00.000000+00:00,92332.23,92333.41,92332.23,92333.41,60.0,mt5
2026-09-27T18:06:00.000000+00:00,92333.43,92334.61,92333.43,92334.61,60.0,mt5
2026-09-27T18:07:00.000000+00:00,92334.63,92335.27,92300.11,92300.63,60.0,mt5
2026-09-27T18:08:00.000000+00:00,92300.65,92301.83,92300.65,92301.83,60.0,mt5
2026-09-27T18:09:00.000000+00:00,92301.85,92303.03,92301.85,92303.03,60.0,mt5
2026-09-27T18:10:00.000000+00:00,92303.05,92304.23,92303.05,92304.23,60.0,mt5
2026-09-27T18:11:00.000000+00:00,92304.25,92305.43,92304.25,92305.43,60.0,mt5
2026-09-27T18:12:00.000000+00:00,92305.45,92306.63,92305.45,92306.63,60.0,mt5
2026-09-27T18:13:00.000000+00:00,92306.65,92307.83,92306.65,92307.83,60.0,mt5
2026-09-27T18:14:00.000000+00:00,92307.85,92309.03,92307.85,92309.03,60.0,mt5
2026-09-27T18:15:00.000000+00:00,92309.05,92310.23,92309.05,92310.23,60.0,mt5
2026-09-27T18:16:00.000000+00:00,92310.25,92311.43,92310.25,92311.43,60.0,mt5
2026-09-27T18:17:00.000000+00:00,92311.45,92312.63,92311.45,92312.63,60.0,mt5
2026-09-27T18:18:00.000000+00:00,92312.65,92313.83,92312.65,92313.83,60.0,mt5
2026-09-27T18:19:00.000000+00:00,92313.85,92315.03,92313.85,92315.03,60.0,mt5
2026-09-27T18:20:00.000000+00:00,92315.05,92316.23,92315.05,92316.23,60.0,mt5
2026-09-27T18:21:00.000000+00:00,92316.25,92317.43,92316.25,92317.43,60.0,mt5
2026-09-27T18:22:00.000000+00:00,92317.45,92318.63,92317.45,92318.63,60.0,mt5
2026-09-27T18:23:00.000000+00:00,92318.65,92319.83,92318.65,92319.83,60.0,mt5
2026-09-27T18:24:00.000000+00:00,92319.85,92321.03,92319.85,92321.03,60.0,mt5
2026-09-27T18:25:00.000000+00:00,92321.05,92322.23,92321.05,92322.23,60.0,mt5
2026-09-27T18:26:00.000000+00:00,92322.25,92323.43,92322.25,92323.43,60.0,mt5
2026-09-27T18:27:00.000000+00:00,92323.45,92324.63,92323.45,92324.63,60.0,mt5
2026-09-27T18:28:00.000000+00:00,92324.65,92325.83,92324.65,92325.83,60.0,mt5
2026-09-27T18:29:00.000000+00:00,92325.85,92327.03,92325.85,92327.03,60.0,mt5
2026-09-27T18:30:00.000000+00:00,92327.05,92328.23,92327.05,92328.23,60.0,mt5
2026-09-27T18:31:00.000000+00:00,92328.25,92329.43,92328.25,92329.43,60.0,mt5
2026-09-27T18:32:00.000000+00:00,92329.45,92330.63,92329.45,92330.63,60.0,mt5
2026-09-27T18:33:00.000000+00:00,92330.65,92331.83,92330.65,92331.83,60.0,mt5
2026-09-27T18:34:00.000000+00:00,92331.85,92333.03,92331.85,92333.03,60.0,mt5
2026-09-27T18:35:00.000000+00:00,92333.05,92334.23,92333.05,92334.23,60.0,mt5
2026-09-27T18:36:00.000000+00:00,92334.25,92335.43,92334.25,92335.43,60.0,mt5
2026-09-27T18:37:00.000000+00:00,92335.45,92336.63,92335.45,92336.63,60.0,mt5
2026-09-27T18:38:00.000000+00:00,92336.65,92337.83,92336.65,92337.83,60.0,mt5
2026-09-27T18:39:00.000000+00:00,92337.85,92339.03,92337.85,92339.03,60.0,mt5
2026-09-27T18:40:00.000000+00:00,92339.05,92340.23,92339.05,92340.23,60.0,mt5
2026-09-27T18:41:00.000000+00:00,92340.25,92341.43,92340.25,92341.43,60.0,mt5
2026-09-27T18:42:00.000000+00:00,92341.45,92342.63,92341.45,92342.63,60.0,mt5
2026-09-27T18:43:00.000000+00:00,92342.65,92343.83,92342.65,92343.83,60.0,mt5
2026-09-27T18:44:00.000000+00:00,92343.85,92345.03,92343.85,92345.03,60.0,mt5
2026-09-27T18:45:00.000000+00:00,92345.05,92346.23,92345.05,92346.23,60.0,mt5
2026-09-27T18:46:00.000000+00:00,92346.25,92347.43,92346.25,92347.43,60.0,mt5
2026-09-27T18:47:00.000000+00:00,92347.45,92348.63,92347.45,92348.63,60.0,mt5
2026-09-27T18:48:00.000000+00:00,92348.65,92349.83,92348.65,92349.83,60.0,mt5
2026-09-27T18:49:00.000000+00:00,92349.85,92351.03,92349.85,92351.03,60.0,mt5
2026-09-27T18:50:00.000000+00:00,92351.05,92352.23,92351.05,92352.23,60.0,mt5
2026-09-27T18:51:00.000000+00:00,92352.25,92353.43,92352.25,92353.43,60.0,mt5
2026-09-27T18:52:00.000000+00:00,92353.45,92354.63,92353.45,92354.63,60.0,mt5
2026-09-27T18:53:00.000000+00:00,92354.65,92355.83,92354.65,92355.83,60.0,mt5
2026-09-27T18:54:00.000000+00:00,92355.85,92357.03,92355.85,92357.03,60.0,mt5
2026-09-27T18:55:00.000000+00:00,92357.05,92358.23,92357.05,92358.23,60.0,mt5
2026-09-27T18:56:00.000000+00:00,92358.25,92359.43,92358.25,92359.43,60.0,mt5
2026-09-27T18:57:00.000000+00:00,92359.45,92360.63,92359.45,92360.63,60.0,mt5
2026-09-27T18:58:00.000000+00:00,92360.65,92361.83,92360.65,92361.83,60.0,mt5
2026-09-27T18:59:00.000000+00:00,92361.85,92363.03,92361.85,92363.03,60.0,mt5
2026-09-27T19:00:00.000000+00:00,92363.05,92364.23,92363.05,92364.23,60.0,mt5
2026-09-27T19:01:00.000000+00:00,92364.25,92365.43,92364.25,92365.43,60.0,mt5
2026-09-27T19:02:00.000000+00:00,92365.45,92366.63,92365.45,92366.63,60.0,mt5
2026-09-27T19:03:00.000000+00:00,92366.65,92367.83,92366.65,92367.83,60.0,mt5
2026-09-27T19:04:00.000000+00:00,92367.85,92369.03,92367.85,92369.03,60.0,mt5
2026-09-27T19:05:00.000000+00:00,92369.05,92370.23,92369.05,92370.23,60.0,mt5
2026-09-27T19:06:00.000000+00:00,92370.25,92371.43,92370.25,92371.43,60.0,mt5
2026-09-27T19:07:00.000000+00:00,92371.45,92372.63,92371.45,92372.63,60.0,mt5
2026-09-27T19:08:00.000000+00:00,92372.65,92373.83,92372.65,92373.83,60.0,mt5
2026-09-27T19:09:00.000000+00:00,92373.85,92375.03,92373.85,92375.03,60.0,mt5
2026-09-27T19:10:00.000000+00:00,92375.05,92376.23,92375.05,92376.23,60.0,mt5
2026-09-27T19:11:00.000000+00:00,92376.25,92377.43,92376.25,92377.43,60.0,mt5
2026-09-27T19:12:00.000000+00:00,92377.45,92378.63,92377.45,92378.63,60.0,mt5
2026-09-27T19:13:00.000000+00:00,92378.65,92379.83,92378.65,92379.83,60.0,mt5
2026-09-27T19:14:00.000000+00:00,92379.85,92381.03,92379.85,92381.03,60.0,mt5
2026-09-27T19:15:00.000000+00:00,92381.05,92381.95,92351.41,92351.67,60.0,mt5
2026-09-27T19:16:00.000000+00:00,92351.69,92352.87,92351.69,92352.87,60.0,mt5
2026-09-27T19:17:00.000000+00:00,92352.89,92354.07,92352.89,92354.07,60.0,mt5
2026-09-27T19:18:00.000000+00:00,92354.09,92355.27,92354.09,92355.27,60.0,mt5
2026-09-27T19:19:00.000000+00:00,92355.29,92356.47,92355.29,92356.47,60.0,mt5
2026-09-27T19:20:00.000000+00:00,92356.49,92357.67,92356.49,92357.67,60.0,mt5
2026-09-27T19:21:00.000000+00:00,92357.69,92358.87,92357.69,92358.87,60.0,mt5
2026-09-27T19:22:00.000000+00:00,92358.89,92360.07,92358.89,92360.07,60.0,mt5
2026-09-27T19:23:00.000000+00:00,92360.09,92361.27,92360.09,92361.27,60.0,mt5
2026-09-27T19:24:00.000000+00:00,92361.29,92362.47,92361.29,92362.47,60.0,mt5
2026-09-27T19:25:00.000000+00:00,92362.49,92363.67,92362.49,92363.67,60.0,mt5
2026-09-27T19:26:00.000000+00:00,92363.69,92364.21,92331.26,92331.9,60.0,mt5
2026-09-27T19:27:00.000000+00:00,92331.92,92333.1,92331.92,92333.1,60.0,mt5
2026-09-27T19:28:00.000000+00:00,92333.12,92334.3,92333.12,92334.3,60.0,mt5
2026-09-27T19:29:00.000000+00:00,92334.32,92335.5,92334.32,92335.5,60.0,mt5
2026-09-27T19:30:00.000000+00:00,92335.52,92336.7,92335.52,92336.7,60.0,mt5
2026-09-27T19:31:00.000000+00:00,92336.72,92337.8,92314.19,92314.27,60.0,mt5
2026-09-27T19:32:00.000000+00:00,92314.29,92314.77,92294.82,92295.5,60.0,mt5
2026-09-27T19:33:00.000000+00:00,92295.52,92296.7,92295.52,92296.7,60.0,mt5
2026-09-27T19:34:00.000000+00:00,92296.72,92297.22,92271.38,92272.04,60.0,mt5
2026-09-27T19:35:00.000000+00:00,92272.06,92273.24,92272.06,92273.24,60.0,mt5
2026-09-27T19:36:00.000000+00:00,92273.26,92274.44,92273.26,92274.44,60.0,mt5
2026-09-27T19:37:00.000000+00:00,92274.46,92275.64,92274.46,92275.64,60.0,mt5
2026-09-27T19:38:00.000000+00:00,92275.66,92276.84,92275.66,92276.84,60.0,mt5
2026-09-27T19:39:00.000000+00:00,92276.86,92277.04,92251.18,92252.16,60.0,mt5
2026-09-27T19:40:00.000000+00:00,92252.18,92253.36,92252.18,92253.36,60.0,mt5
2026-09-27T19:41:00.000000+00:00,92253.38,92254.56,92253.38,92254.56,60.0,mt5
2026-09-27T19:42:00.000000+00:00,92254.58,92255.76,92254.58,92255.76,60.0,mt5
2026-09-27T19:43:00.000000+00:00,92255.78,92256.96,92255.78,92256.96,60.0,mt5
2026-09-27T19:44:00.000000+00:00,92256.98,92258.16,92256.98,92258.16,60.0,mt5
2026-09-27T19:45:00.000000+00:00,92258.18,92259.36,92258.18,92259.36,60.0,mt5
2026-09-27T19:46:00.000000+00:00,92259.38,92260.56,92259.38,92260.56,60.0,mt5
2026-09-27T19:47:00.000000+00:00,92260.58,92261.76,92260.58,92261.76,60.0,mt5
2026-09-27T19:48:00.000000+00:00,92261.78,92262.96,92261.78,92262.96,60.0,mt5
2026-09-27T19:49:00.000000+00:00,92262.98,92264.16,92262.98,92264.16,60.0,mt5
2026-09-27T19:50:00.000000+00:00,92264.18,92265.36,92264.18,92265.36,60.0,mt5
2026-09-27T19:51:00.000000+00:00,92265.38,92266.56,92265.38,92266.56,60.0,mt5
2026-09-27T19:52:00.000000+00:00,92266.58,92267.76,92266.58,92267.76,60.0,mt5
2026-09-27T19:53:00.000000+00:00,92267.78,92268.96,92267.78,92268.96,60.0,mt5
2026-09-27T19:54:00.000000+00:00,92268.98,92270.16,92268.98,92270.16,60.0,mt5
2026-09-27T19:55:00.000000+00:00,92270.18,92271.36,92270.18,92271.36,60.0,mt5
2026-09-27T19:56:00.000000+00:00,92271.38,92272.56,92271.38,92272.56,60.0,mt5
2026-09-27T19:57:00.000000+00:00,92272.58,92273.76,92272.58,92273.76,60.0,mt5
2026-09-27T19:58:00.000000+00:00,92273.78,92274.96,92273.78,92274.96,60.0,mt5
2026-09-27T19:59:00.000000+00:00,92274.98,92276.16,92274.98,92276.16,60.0,mt5
2026-09-27T20:00:00.000000+00:00,92276.18,92277.36,92276.18,92277.36,60.0,mt5
2026-09-27T20:01:00.000000+00:00,92277.38,92278.56,92277.38,92278.56,60.0,mt5
2026-09-27T20:02:00.000000+00:00,92278.58,92279.76,92278.58,92279.76,60.0,mt5
2026-09-27T20:03:00.000000+00:00,92279.78,92280.96,92279.78,92280.96,60.0,mt5
2026-09-27T20:04:00.000000+00:00,92280.98,92282.16,92280.98,92282.16,60.0,mt5
2026-09-27T20:05:00.000000+00:00,92282.18,92283.36,92282.18,92283.36,60.0,mt5
2026-09-27T20:06:00.000000+00:00,92283.38,92284.56,92283.38,92284.56,60.0,mt5
2026-09-27T20:07:00.000000+00:00,92284.58,92285.76,92284.58,92285.76,60.0,mt5
2026-09-27T20:08:00.000000+00:00,92285.78,92286.96,92285.78,92286.96,60.0,mt5
2026-09-27T20:09:00.000000+00:00,92286.98,92288.16,92286.98,92288.16,60.0,mt5
2026-09-27T20:10:00.000000+00:00,92288.18,92289.36,92288.18,92289.36,60.0,mt5
2026-09-27T20:11:00.000000+00:00,92289.38,92290.46,92268.15,92268.23,60.0,mt5
2026-09-27T20:12:00.000000+00:00,92268.25,92269.35,92233.4,92233.46,60.0,mt5
2026-09-27T20:13:00.000000+00:00,92233.48,92234.66,92233.48,92234.66,60.0,mt5
2026-09-27T20:14:00.000000+00:00,92234.68,92235.86,92234.68,92235.86,60.0,mt5
2026-09-27T20:15:00.000000+00:00,92235.88,92237.06,92235.88,92237.06,60.0,mt5
2026-09-27T20:16:00.000000+00:00,92237.08,92238.26,92237.08,92238.26,60.0,mt5
2026-09-27T20:17:00.000000+00:00,92238.28,92239.46,92238.28,92239.46,60.0,mt5
2026-09-27T20:18:00.000000+00:00,92239.48,92240.66,92239.48,92240.66,60.0,mt5
2026-09-27T20:19:00.000000+00:00,92240.68,92241.86,92240.68,92241.86,60.0,mt5
2026-09-27T20:20:00.000000+00:00,92241.88,92243.06,92241.88,92243.06,60.0,mt5
2026-09-27T20:21:00.000000+00:00,92243.08,92244.26,92243.08,92244.26,60.0,mt5
2026-09-27T20:22:00.000000+00:00,92244.28,92245.1,92230.26,92230.6,60.0,mt5
2026-09-27T20:23:00.000000+00:00,92230.62,92231.8,92230.62,92231.8,60.0,mt5
2026-09-27T20:24:00.000000+00:00,92231.82,92233.0,92231.82,92233.0,60.0,mt5
2026-09-27T20:25:00.000000+00:00,92233.02,92234.2,92233.02,92234.2,60.0,mt5
2026-09-27T20:26:00.000000+00:00,92234.22,92235.4,92234.22,92235.4,60.0,mt5
2026-09-27T20:27:00.000000+00:00,92235.42,92236.6,92235.42,92236.6,60.0,mt5
2026-09-27T20:28:00.000000+00:00,92236.62,92236.7,92209.76,92210.84,60.0,mt5
2026-09-27T20:29:00.000000+00:00,92210.86,92212.04,92210.86,92212.04,60.0,mt5
2026-09-27T20:30:00.000000+00:00,92212.06,92213.24,92212.06,92213.24,60.0,mt5
2026-09-27T20:31:00.000000+00:00,92213.26,92214.44,92213.26,92214.44,60.0,mt5
2026-09-27T20:32:00.000000+00:00,92214.46,92215.64,92214.46,92215.64,60.0,mt5
2026-09-27T20:33:00.000000+00:00,92215.66,92216.84,92215.66,92216.84,60.0,mt5
2026-09-27T20:34:00.000000+00:00,92216.86,92218.04,92216.86,92218.04,60.0,mt5
2026-09-27T20:35:00.000000+00:00,92218.06,92219.24,92218.06,92219.24,60.0,mt5
2026-09-27T20:36:00.000000+00:00,92219.26,92220.44,92219.26,92220.44,60.0,mt5
2026-09-27T20:37:00.000000+00:00,92220.46,92221.64,92220.46,92221.64,60.0,mt5
2026-09-27T20:38:00.000000+00:00,92221.66,92222.84,92221.66,92222.84,60.0,mt5
2026-09-27T20:39:00.000000+00:00,92222.86,92224.04,92222.86,92224.04,60.0,mt5
2026-09-27T20:40:00.000000+00:00,92224.06,92225.24,92224.06,92225.24,60.0,mt5
2026-09-27T20:41:00.000000+00:00,92225.26,92226.44,92225.26,92226.44,60.0,mt5
2026-09-27T20:42:00.000000+00:00,92226.46,92227.64,92226.46,92227.64,60.0,mt5
2026-09-27T20:43:00.000000+00:00,92227.66,92228.84,92227.66,92228.84,60.0,mt5
2026-09-27T20:44:00.000000+00:00,92228.86,92230.04,92228.86,92230.04,60.0,mt5
2026-09-27T20:45:00.000000+00:00,92230.06,92231.24,92230.06,92231.24,60.0,mt5
2026-09-27T20:46:00.000000+00:00,92231.26,92231.34,92213.22,92214.3,60.0,mt5
2026-09-27T20:47:00.000000+00:00,92214.32,92215.5,92214.32,92215.5,60.0,mt5
2026-09-27T20:48:00.000000+00:00,92215.52,92216.7,92215.52,92216.7,60.0,mt5
2026-09-27T20:49:00.000000+00:00,92216.72,92217.9,92216.72,92217.9,60.0,mt5
2026-09-27T20:50:00.000000+00:00,92217.92,92219.1,92217.92,92219.1,60.0,mt5
2026-09-27T20:51:00.000000+00:00,92219.12,92220.3,92219.12,92220.3,60.0,mt5
2026-09-27T20:52:00.000000+00:00,92220.32,92221.5,92220.32,92221.5,60.0,mt5
2026-09-27T20:53:00.000000+00:00,92221.52,92222.04,92196.77,92197.41,60.0,mt5
2026-09-27T20:54:00.000000+00:00,92197.43,92198.61,92197.43,92198.61,60.0,mt5
2026-09-27T20:55:00.000000+00:00,92198.63,92199.81,92198.63,92199.81,60.0,mt5
2026-09-27T20:56:00.000000+00:00,92199.83,92201.01,92199.83,92201.01,60.0,mt5
2026-09-27T20:57:00.000000+00:00,92201.03,92202.21,92201.03,92202.21,60.0,mt5
2026-09-27T20:58:00.000000+00:00,92202.23,92203.41,92202.23,92203.41,60.0,mt5
2026-09-27T20:59:00.000000+00:00,92203.43,92204.61,92203.43,92204.61,60.0,mt5
2026-09-27T21:00:00.000000+00:00,92204.63,92205.81,92204.63,92205.81,60.0,mt5
2026-09-27T21:01:00.000000+00:00,92205.83,92207.01,92205.83,92207.01,60.0,mt5
2026-09-27T21:02:00.000000+00:00,92207.03,92207.15,92160.69,92161.73,60.0,mt5
2026-09-27T21:03:00.000000+00:00,92161.75,92162.93,92161.75,92162.93,60.0,mt5
2026-09-27T21:04:00.000000+00:00,92162.95,92164.13,92162.95,92164.13,60.0,mt5
2026-09-27T21:05:00.000000+00:00,92164.15,92165.33,92164.15,92165.33,60.0,mt5
2026-09-27T21:06:00.000000+00:00,92165.35,92166.53,92165.35,92166.53,60.0,mt5
2026-09-27T21:07:00.000000+00:00,92166.55,92167.73,92166.55,92167.73,60.0,mt5
2026-09-27T21:08:00.000000+00:00,92167.75,92168.93,92167.75,92168.93,60.0,mt5
2026-09-27T21:09:00.000000+00:00,92168.95,92170.13,92168.95,92170.13,60.0,mt5
2026-09-27T21:10:00.000000+00:00,92170.15,92171.33,92170.15,92171.33,60.0,mt5
2026-09-27T21:11:00.000000+00:00,92171.35,92172.53,92171.35,92172.53,60.0,mt5
2026-09-27T21:12:00.000000+00:00,92172.55,92173.73,92172.55,92173.73,60.0,mt5
2026-09-27T21:13:00.000000+00:00,92173.75,92174.93,92173.75,92174.93,60.0,mt5
2026-09-27T21:14:00.000000+00:00,92174.95,92176.13,92174.95,92176.13,60.0,mt5
2026-09-27T21:15:00.000000+00:00,92176.15,92177.33,92176.15,92177.33,60.0,mt5
2026-09-27T21:16:00.000000+00:00,92177.35,92178.53,92177.35,92178.53,60.0,mt5
2026-09-27T21:17:00.000000+00:00,92178.55,92179.73,92178.55,92179.73,60.0,mt5
2026-09-27T21:18:00.000000+00:00,92179.75,92180.93,92179.75,92180.93,60.0,mt5
2026-09-27T21:19:00.000000+00:00,92180.95,92182.13,92180.95,92182.13,60.0,mt5
2026-09-27T21:20:00.000000+00:00,92182.15,92183.33,92182.15,92183.33,60.0,mt5
2026-09-27T21:21:00.000000+00:00,92183.35,92184.53,92183.35,92184.53,60.0,mt5
2026-09-27T21:22:00.000000+00:00,92184.55,92185.73,92184.55,92185.73,60.0,mt5
2026-09-27T21:23:00.000000+00:00,92185.75,92186.93,92185.75,92186.93,60.0,mt5
2026-09-27T21:24:00.000000+00:00,92186.95,92188.13,92186.95,92188.13,60.0,mt5
2026-09-27T21:25:00.000000+00:00,92188.15,92189.33,92188.15,92189.33,60.0,mt5
2026-09-27T21:26:00.000000+00:00,92189.35,92190.53,92189.35,92190.53,60.0,mt5
2026-09-27T21:27:00.000000+00:00,92190.55,92191.73,92190.55,92191.73,60.0,mt5
2026-09-27T21:28:00.000000+00:00,92191.75,92192.93,92191.75,92192.93,60.0,mt5
2026-09-27T21:29:00.000000+00:00,92192.95,92194.13,92192.95,92194.13,60.0,mt5
2026-09-27T21:30:00.000000+00:00,92194.15,92195.33,92194.15,92195.33,60.0,mt5
2026-09-27T21:31:00.000000+00:00,92195.35,92196.53,92195.35,92196.53,60.0,mt5
2026-09-27T21:32:00.000000+00:00,92196.55,92197.73,92196.55,92197.73,60.0,mt5
2026-09-27T21:33:00.000000+00:00,92197.75,92198.93,92197.75,92198.93,60.0,mt5
2026-09-27T21:34:00.000000+00:00,92198.95,92200.13,92198.95,92200.13,60.0,mt5
2026-09-27T21:35:00.000000+00:00,92200.15,92201.33,92200.15,92201.33,60.0,mt5
2026-09-27T21:36:00.000000+00:00,92201.35,92202.53,92201.35,92202.53,60.0,mt5
2026-09-27T21:37:00.000000+00:00,92202.55,92203.73,92202.55,92203.73,60.0,mt5
2026-09-27T21:38:00.000000+00:00,92203.75,92204.93,92203.75,92204.93,60.0,mt5
2026-09-27T21:39:00.000000+00:00,92204.95,92206.13,92204.95,92206.13,60.0,mt5
2026-09-27T21:40:00.000000+00:00,92206.15,92207.33,92206.15,92207.33,60.0,mt5
2026-09-27T21:41:00.000000+00:00,92207.35,92208.53,92207.35,92208.53,60.0,mt5
2026-09-27T21:42:00.000000+00:00,92208.55,92209.73,92208.55,92209.73,60.0,mt5
2026-09-27T21:43:00.000000+00:00,92209.75,92210.93,92209.75,92210.93,60.0,mt5
2026-09-27T21:44:00.000000+00:00,92210.95,92212.13,92210.95,92212.13,60.0,mt5
2026-09-27T21:45:00.000000+00:00,92212.15,92213.33,92212.15,92213.33,60.0,mt5
2026-09-27T21:46:00.000000+00:00,92213.35,92214.53,92213.35,92214.53,60.0,mt5
2026-09-27T21:47:00.000000+00:00,92214.55,92215.73,92214.55,92215.73,60.0,mt5
2026-09-27T21:48:00.000000+00:00,92215.75,92216.93,92215.75,92216.93,60.0,mt5
2026-09-27T21:49:00.000000+00:00,92216.95,92218.13,92216.95,92218.13,60.0,mt5
2026-09-27T21:50:00.000000+00:00,92218.15,92219.33,92218.15,92219.33,60.0,mt5
2026-09-27T21:51:00.000000+00:00,92219.35,92220.53,92219.35,92220.53,60.0,mt5
2026-09-27T21:52:00.000000+00:00,92220.55,92221.73,92220.55,92221.73,60.0,mt5
2026-09-27T21:53:00.000000+00:00,92221.75,92222.93,92221.75,92222.93,60.0,mt5
2026-09-27T21:54:00.000000+00:00,92222.95,92224.13,92222.95,92224.13,60.0,mt5
2026-09-27T21:55:00.000000+00:00,92224.15,92225.33,92224.15,92225.33,60.0,mt5
2026-09-27T21:56:00.000000+00:00,92225.35,92226.53,92225.35,92226.53,60.0,mt5
2026-09-27T21:57:00.000000+00:00,92226.55,92227.73,92226.55,92227.73,60.0,mt5
2026-09-27T21:58:00.000000+00:00,92227.75,92228.93,92227.75,92228.93,60.0,mt5
2026-09-27T21:59:00.000000+00:00,92228.95,92230.13,92228.95,92230.13,60.0,mt5
2026-09-27T22:00:00.000000+00:00,92230.15,92231.33,92230.15,92231.33,60.0,mt5
2026-09-27T22:01:00.000000+00:00,92231.35,92232.53,92231.35,92232.53,60.0,mt5
2026-09-27T22:02:00.000000+00:00,92232.55,92233.73,92232.55,92233.73,60.0,mt5
2026-09-27T22:03:00.000000+00:00,92233.75,92234.93,92233.75,92234.93,60.0,mt5
2026-09-27T22:04:00.000000+00:00,92234.95,92236.13,92234.95,92236.13,60.0,mt5
2026-09-27T22:05:00.000000+00:00,92236.15,92237.33,92236.15,92237.33,60.0,mt5
2026-09-27T22:06:00.000000+00:00,92237.35,92238.53,92237.35,92238.53,60.0,mt5
2026-09-27T22:07:00.000000+00:00,92238.55,92239.73,92238.55,92239.73,60.0,mt5
2026-09-27T22:08:00.000000+00:00,92239.75,92240.93,92239.75,92240.93,60.0,mt5
2026-09-27T22:09:00.000000+00:00,92240.95,92242.13,92240.95,92242.13,60.0,mt5
2026-09-27T22:10:00.000000+00:00,92242.15,92243.33,92242.15,92243.33,60.0,mt5
2026-09-27T22:11:00.000000+00:00,92243.35,92244.53,92243.35,92244.53,60.0,mt5
2026-09-27T22:12:00.000000+00:00,92244.55,92245.73,92244.55,92245.73,60.0,mt5
2026-09-27T22:13:00.000000+00:00,92245.75,92246.93,92245.75,92246.93,60.0,mt5
2026-09-27T22:14:00.000000+00:00,92246.95,92248.13,92246.95,92248.13,60.0,mt5
2026-09-27T22:15:00.000000+00:00,92248.15,92249.33,92248.15,92249.33,60.0,mt5
2026-09-27T22:16:00.000000+00:00,92249.35,92250.53,92249.35,92250.53,60.0,mt5
2026-09-27T22:17:00.000000+00:00,92250.55,92251.73,92250.55,92251.73,60.0,mt5
2026-09-27T22:18:00.000000+00:00,92251.75,92252.93,92251.75,92252.93,60.0,mt5
2026-09-27T22:19:00.000000+00:00,92252.95,92254.13,92252.95,92254.13,60.0,mt5
2026-09-27T22:20:00.000000+00:00,92254.15,92255.33,92254.15,92255.33,60.0,mt5
2026-09-27T22:21:00.000000+00:00,92255.35,92256.53,92255.35,92256.53,60.0,mt5
2026-09-27T22:22:00.000000+00:00,92256.55,92257.73,92256.55,92257.73,60.0,mt5
2026-09-27T22:23:00.000000+00:00,92257.75,92258.93,92257.75,92258.93,60.0,mt5
2026-09-27T22:24:00.000000+00:00,92258.95,92260.13,92258.95,92260.13,60.0,mt5
2026-09-27T22:25:00.000000+00:00,92260.15,92260.97,92260.15,92260.97,42.0,mt5
