time,open,high,low,close,tick_volume,spread,real_volume
2026-07-29 22:15:00,63988.322,64106.169,63946.836,64015.511,4419,2424,0
2026-07-29 22:30:00,64015.798,64030.202,63891.861,63982.8,4116,2424,0
2026-07-29 22:45:00,63982.8,63999.4,63879.589,63915.689,3497,2424,0
2026-07-29 23:00:00,63915.69,63964.27,63868.927,63895.6,3631,2424,0
2026-07-29 23:15:00,63895.6,64043.8,63888.597,63979.604,4699,2424,0
2026-07-29 23:30:00,63979.604,64008.572,63898.72,63981.523,3872,2424,0
2026-07-29 23:45:00,63981.522,64033.2,63919.54,63957.207,4942,2424,0
2026-07-30 00:00:00,63957.209,64072.738,63953.351,64005.843,5624,2424,0
2026-07-30 00:15:00,64005.788,64095.753,63930.218,63978.755,4901,2424,0
2026-07-30 00:30:00,63978.755,63986.4,63668.349,63668.75,4790,2424,0
2026-07-30 00:45:00,63668.75,63729.907,63574.909,63672.651,4749,2424,0
2026-07-30 01:00:00,63672.488,63856.788,63661.989,63676.393,4879,2424,0
2026-07-30 01:15:00,63676.393,63819.013,63662.052,63808.653,4361,2424,0
2026-07-30 01:30:00,63808.653,64048.64,63808.503,64032.544,5043,2424,0
2026-07-30 01:45:00,64032.544,64349.778,64014.221,64244.367,5110,2424,0
2026-07-30 02:00:00,64244.367,64371.101,64210.791,64302.0,4657,2424,0
2026-07-30 02:15:00,64302.0,64392.088,64270.792,64326.124,3733,2424,0
2026-07-30 02:30:00,64326.123,64331.17,64188.29,64295.485,4503,2424,0
2026-07-30 02:45:00,64295.482,64295.498,64137.798,64162.786,4306,2424,0
2026-07-30 03:00:00,64162.786,64245.9,64107.458,64173.3,4455,2424,0
2026-07-30 03:15:00,64173.3,64281.228,64164.8,64242.668,3996,2424,0
2026-07-30 03:30:00,64242.909,64243.1,64112.209,64133.3,4945,2424,0
2026-07-30 03:45:00,64132.862,64197.8,64127.391,64132.738,4238,2424,0
2026-07-30 04:00:00,64132.738,64151.7,64074.5,64099.187,4353,2424,0
2026-07-30 04:15:00,64099.188,64109.672,64063.849,64074.299,3875,2424,0
2026-07-30 04:30:00,64074.295,64134.922,64027.198,64068.744,4400,2424,0
2026-07-30 04:45:00,64068.77,64121.168,63978.142,63997.343,4630,2424,0
2026-07-30 05:00:00,63997.343,64015.341,63905.808,63955.675,5046,2424,0
2026-07-30 05:15:00,63955.675,63988.228,63879.603,63983.488,4897,2424,0
2026-07-30 05:30:00,63983.488,64155.605,63969.696,64091.842,5152,2424,0
2026-07-30 05:45:00,64092.025,64131.65,63968.346,64012.022,4419,2424,0
2026-07-30 06:00:00,64012.022,64053.295,63953.561,63969.648,4770,2424,0
2026-07-30 06:15:00,63969.641,64053.623,63938.489,64053.498,4062,2424,0
2026-07-30 06:30:00,64053.588,64053.634,63945.793,63981.9,3782,2424,0
2026-07-30 06:45:00,63981.9,63996.635,63928.374,63973.37,4111,2424,0
2026-07-30 07:00:00,63973.37,64121.152,63964.928,64032.072,4986,2424,0
2026-07-30 07:15:00,64032.072,64119.21,63960.15,64036.147,4582,2424,0
2026-07-30 07:30:00,64035.967,64042.1,63912.391,64013.489,4263,2424,0
2026-07-30 07:45:00,64012.454,64014.2,63951.445,63980.732,4415,2424,0
2026-07-30 08:00:00,63980.732,64042.216,63948.647,63976.854,5033,2424,0
2026-07-30 08:15:00,63976.854,64325.756,63949.788,64239.42,5010,2424,0
2026-07-30 08:30:00,64239.42,64323.231,64203.839,64322.119,5452,2424,0
2026-07-30 08:45:00,64322.088,64331.3,64259.7,64279.236,4810,2424,0
2026-07-30 09:00:00,64279.236,64393.684,64254.969,64383.188,4657,2424,0
2026-07-30 09:15:00,64383.159,64507.549,64361.192,64469.147,5042,2424,0
2026-07-30 09:30:00,64469.14,64616.607,64468.515,64570.522,4776,2424,0
2026-07-30 09:45:00,64570.522,64616.062,64548.838,64548.838,4316,2424,0
2026-07-30 10:00:00,64548.838,64608.448,64542.567,64547.701,3558,2424,0
2026-07-30 10:15:00,64547.701,64611.285,64543.848,64599.524,3568,2424,0
2026-07-30 10:30:00,64599.524,64603.529,64537.244,64590.154,4004,2424,0
2026-07-30 10:45:00,64590.154,64595.324,64544.259,64547.548,3986,2424,0
2026-07-30 11:00:00,64547.549,64603.744,64513.924,64580.263,3746,2424,0
2026-07-30 11:15:00,64580.263,64645.231,64543.936,64552.531,4080,2424,0
2026-07-30 11:30:00,64552.537,64691.838,64522.268,64636.951,3647,2424,0
2026-07-30 11:45:00,64636.951,64868.738,64621.945,64765.149,4193,2424,0
2026-07-30 12:00:00,64765.268,65008.101,64764.148,64959.481,3665,2424,0
2026-07-30 12:15:00,64959.481,64998.776,64833.2,64853.637,4346,2424,0
2026-07-30 12:30:00,64853.638,64921.848,64809.346,64809.43,4553,2424,0
2026-07-30 12:45:00,64809.43,64916.186,64809.422,64890.979,3870,2424,0
2026-07-30 13:00:00,64890.979,64934.7,64798.438,64816.474,4478,2424,0
2026-07-30 13:15:00,64816.474,64856.1,64784.7,64808.644,3949,2424,0
2026-07-30 13:30:00,64808.644,64995.59,64661.715,64990.136,6106,2424,0
2026-07-30 13:45:00,64990.138,65155.878,64958.998,64994.739,6400,2424,0
2026-07-30 14:00:00,64994.718,65014.264,64686.261,64699.912,5968,2424,0
2026-07-30 14:15:00,64699.912,64828.081,64587.238,64749.851,6023,2424,0
2026-07-30 14:30:00,64749.852,64835.037,64698.978,64770.739,5661,2424,0
2026-07-30 14:45:00,64770.744,64817.415,64602.037,64648.227,5600,2424,0
2026-07-30 15:00:00,64648.227,64797.471,64570.11,64690.834,5586,2424,0
2026-07-30 15:15:00,64691.113,64860.253,64651.007,64653.694,5460,2424,0
2026-07-30 15:30:00,64653.229,64748.331,64599.343,64729.234,5357,2424,0
2026-07-30 15:45:00,64729.2,64768.774,64658.507,64693.365,4605,2424,0
2026-07-30 16:00:00,64693.365,64932.177,64692.403,64898.271,5097,2424,0
2026-07-30 16:15:00,64898.276,64918.769,64808.007,64851.141,4829,2424,0
2026-07-30 16:30:00,64851.326,64869.4,64731.359,64739.838,5279,2424,0
2026-07-30 16:45:00,64739.838,64817.092,64739.838,64784.078,4758,2424,0
2026-07-30 17:00:00,64784.081,64838.952,64736.636,64769.235,4258,2424,0
2026-07-30 17:15:00,64769.235,64930.657,64756.652,64909.201,4499,2424,0
2026-07-30 17:30:00,64909.201,64956.03,64789.081,64918.177,4480,2424,0
2026-07-30 17:45:00,64918.177,64919.4,64820.354,64841.022,4012,2424,0
2026-07-30 18:00:00,64839.771,64870.328,64786.209,64789.689,3892,2424,0
2026-07-30 18:15:00,64789.689,64789.689,64717.156,64764.594,3708,2424,0
2026-07-30 18:30:00,64764.594,64790.4,64678.558,64703.349,3754,2424,0
2026-07-30 18:45:00,64703.349,64703.909,64656.109,64667.647,3418,2424,0
2026-07-30 19:00:00,64667.647,64834.719,64667.27,64802.309,3693,2424,0
2026-07-30 19:15:00,64802.309,64874.4,64773.557,64854.681,3998,2424,0
2026-07-30 19:30:00,64854.911,64855.112,64795.991,64808.345,3995,2424,0
2026-07-30 19:45:00,64808.345,64833.754,64748.622,64773.374,4412,2424,0
2026-07-30 20:00:00,64776.19,64907.883,64753.616,64763.921,5046,2424,0
2026-07-30 20:15:00,64763.923,64848.688,64736.248,64763.26,4012,2424,0
2026-07-30 20:30:00,64763.26,64856.89,64721.68,64845.963,3899,2424,0
2026-07-30 20:45:00,64845.436,64864.371,64748.722,64748.92,3345,2424,0
2026-07-30 21:00:00,64748.919,64779.584,64708.013,64729.237,1220,2424,0
2026-07-30 21:15:00,64729.237,64738.088,64719.74,64723.939,2562,2424,0
2026-07-30 21:30:00,64723.939,64773.682,64718.332,64738.344,2146,2424,0
2026-07-30 21:45:00,64738.37,64749.4,64676.897,64705.208,2404,2424,0
2026-07-30 22:00:00,64705.208,64952.409,64634.948,64907.024,4109,2424,0
2026-07-30 22:15:00,64907.025,64977.816,64873.532,64974.906,4191,2424,0
2026-07-30 22:30:00,64974.907,64994.081,64841.729,64886.039,3919,2424,0
2026-07-30 22:45:00,64886.039,64899.4,64813.369,64825.668,3780,2424,0
2026-07-30 23:00:00,64825.654,64919.236,64802.963,64916.54,4076,2424,0
2026-07-30 23:15:00,64916.54,64921.898,64868.002,64905.135,3399,2424,0
2026-07-30 23:30:00,64905.058,65061.728,64748.691,64787.789,4487,2424,0
2026-07-30 23:45:00,64787.792,64865.485,64710.399,64749.012,3725,2424,0
2026-07-31 00:00:00,64749.021,64876.836,64732.709,64792.002,4434,2424,0
2026-07-31 00:15:00,64792.001,64798.586,64698.668,64743.438,3752,2424,0
2026-07-31 00:30:00,64743.438,64794.4,64707.785,64765.911,3913,2424,0
2026-07-31 00:45:00,64770.616,64781.31,64661.963,64697.2,3790,2424,0
2026-07-31 01:00:00,64697.2,65384.0,64697.2,65159.864,5047,2424,0
2026-07-31 01:15:00,65160.623,65207.743,65000.489,65157.128,4885,2424,0
2026-07-31 01:30:00,65157.156,65158.1,64798.882,64802.106,4659,2424,0
2026-07-31 01:45:00,64802.106,64875.485,64461.102,64533.926,5699,2424,0
2026-07-31 02:00:00,64533.926,64591.987,64434.504,64460.376,4935,2424,0
2026-07-31 02:15:00,64460.376,64460.511,64310.339,64331.1,5386,2424,0
2026-07-31 02:30:00,64331.1,64396.307,64176.698,64200.229,4206,2424,0
2026-07-31 02:45:00,64200.229,64335.857,64187.758,64270.954,4427,2424,0
2026-07-31 03:00:00,64270.954,64271.4,64143.933,64232.9,4866,2424,0
2026-07-31 03:15:00,64232.9,64398.738,64187.257,64353.863,4586,2424,0
2026-07-31 03:30:00,64353.86,64395.451,64262.958,64359.179,4016,2424,0
2026-07-31 03:45:00,64359.18,64409.284,64312.49,64342.661,4386,2424,0
2026-07-31 04:00:00,64342.661,64418.3,64317.193,64337.66,3912,2424,0
2026-07-31 04:15:00,64340.461,64349.4,64208.138,64312.8,3552,2424,0
2026-07-31 04:30:00,64312.8,64343.761,64258.385,64281.746,3015,2424,0
2026-07-31 04:45:00,64281.746,64307.8,64266.888,64280.447,2408,2424,0
2026-07-31 05:00:00,64280.373,64394.4,64280.373,64391.879,3226,2424,0
2026-07-31 05:15:00,64391.878,64395.851,64299.437,64299.606,2688,2424,0
2026-07-31 05:30:00,64299.61,64338.351,64258.99,64258.99,3497,2424,0
2026-07-31 05:45:00,64258.99,64347.348,64239.839,64333.224,3432,2424,0
2026-07-31 06:00:00,64333.224,64364.667,64290.71,64351.696,2850,2424,0
2026-07-31 06:15:00,64351.697,64431.437,64330.059,64431.264,2742,2424,0
2026-07-31 06:30:00,64431.263,64472.96,64241.301,64248.584,4141,2424,0
2026-07-31 06:45:00,64248.584,64253.33,64178.738,64207.201,3505,2424,0
2026-07-31 07:00:00,64207.201,64216.4,63990.435,64037.349,5146,2424,0
2026-07-31 07:15:00,64037.406,64069.45,63957.953,63968.138,4302,2424,0
2026-07-31 07:30:00,63968.138,64001.388,63838.285,63886.529,3840,2424,0
2026-07-31 07:45:00,63883.137,63985.001,63883.137,63907.882,2923,2424,0
2026-07-31 08:00:00,63907.882,63941.598,63824.338,63914.548,4113,2424,0
2026-07-31 08:15:00,63914.588,63948.769,63830.379,63928.759,3811,2424,0
2026-07-31 08:30:00,63928.769,63928.769,63777.392,63817.09,3283,2424,0
2026-07-31 08:45:00,63817.086,63876.9,63778.212,63800.734,2803,2424,0
2026-07-31 09:00:00,63800.735,63819.028,63720.838,63773.467,3479,2424,0
2026-07-31 09:15:00,63773.576,63781.301,63659.89,63668.775,3661,2424,0
2026-07-31 09:30:00,63668.775,63703.257,63600.137,63664.069,4469,2424,0
2026-07-31 09:45:00,63664.073,63721.938,63651.584,63687.838,3087,2424,0
2026-07-31 10:00:00,63687.801,63710.228,63575.824,63700.343,3339,2424,0
2026-07-31 10:15:00,63700.343,63791.452,63666.338,63788.738,2681,2424,0
2026-07-31 10:30:00,63788.738,63874.338,63788.67,63869.038,2687,2424,0
2026-07-31 10:45:00,63869.038,63922.262,63837.391,63884.938,2895,2424,0
2026-07-31 11:00:00,63884.938,63980.988,63869.743,63880.482,3291,2424,0
2026-07-31 11:15:00,63880.482,63943.67,63827.523,63868.125,3169,2424,0
2026-07-31 11:30:00,63868.1,63874.033,63813.038,63814.838,2647,2424,0
2026-07-31 11:45:00,63814.838,63829.96,63756.375,63778.138,2594,2424,0
2026-07-31 12:00:00,63778.138,63803.5,63672.544,63693.822,3049,2424,0
2026-07-31 12:15:00,63693.822,63750.928,63670.245,63721.411,3473,2424,0
2026-07-31 12:30:00,63721.411,63721.421,63593.85,63634.132,4109,2424,0
2026-07-31 12:45:00,63634.132,63737.584,63625.397,63726.597,3583,2424,0
2026-07-31 13:00:00,63726.597,63757.683,63689.969,63738.432,3224,2424,0
2026-07-31 13:15:00,63738.434,63805.979,63729.556,63797.84,3894,2424,0
2026-07-31 13:30:00,63797.84,63797.84,63429.138,63431.28,6259,2424,0
2026-07-31 13:45:00,63431.28,63504.616,63214.943,63247.5,6761,2424,0
2026-07-31 14:00:00,63247.292,63290.376,62417.412,62668.54,7088,2424,0
2026-07-31 14:15:00,62668.54,62731.245,62501.258,62623.176,7311,2424,0
2026-07-31 14:30:00,62622.832,62793.588,62573.646,62664.252,6901,2424,0
2026-07-31 14:45:00,62664.252,62783.887,62566.758,62662.811,5936,2424,0
2026-07-31 15:00:00,62662.664,62685.438,62523.829,62591.4,6107,2424,0
2026-07-31 15:15:00,62591.401,62692.285,62456.969,62559.079,5638,2424,0
2026-07-31 15:30:00,62559.079,62746.507,62533.959,62733.154,5509,2424,0
2026-07-31 15:45:00,62733.155,62735.332,62605.283,62694.186,4942,2424,0
2026-07-31 16:00:00,62694.185,62884.636,62682.597,62844.433,4855,2424,0
2026-07-31 16:15:00,62844.391,62911.96,62767.861,62897.555,4845,2424,0
2026-07-31 16:30:00,62897.625,62902.068,62783.89,62824.353,4375,2424,0
2026-07-31 16:45:00,62824.353,62864.11,62788.561,62846.151,3337,2424,0
2026-07-31 17:00:00,62846.152,62906.096,62779.271,62882.898,4131,2424,0
2026-07-31 17:15:00,62882.898,62983.393,62849.038,62951.687,4035,2424,0
2026-07-31 17:30:00,62951.69,63078.223,62931.412,63033.138,4482,2424,0
2026-07-31 17:45:00,63033.138,63269.32,63033.138,63214.507,4571,2424,0
2026-07-31 18:00:00,63214.504,63274.577,63104.601,63115.55,4416,2424,0
2026-07-31 18:15:00,63115.543,63156.031,63018.838,63024.018,3532,2424,0
2026-07-31 18:30:00,63024.018,63066.886,62933.888,63006.769,3542,2424,0
2026-07-31 18:45:00,63006.769,63150.487,63004.489,63063.02,3281,2424,0
2026-07-31 19:00:00,63063.02,63131.795,62998.553,63040.079,3486,2424,0
2026-07-31 19:15:00,63040.079,63046.4,62988.889,62992.192,3215,2424,0
2026-07-31 19:30:00,62992.192,63000.731,62905.08,62972.503,3628,2424,0
2026-07-31 19:45:00,62972.378,63028.55,62925.117,62946.283,3210,2424,0
2026-07-31 20:00:00,62945.96,62975.487,62911.212,62972.181,2458,2424,0
2026-07-31 20:15:00,62972.181,63001.738,62947.688,62973.101,2019,2424,0
2026-07-31 20:30:00,62973.103,62978.523,62920.549,62961.9,2778,2424,0
2026-07-31 20:45:00,62961.9,62980.9,62899.838,62927.478,4212,2424,0
2026-07-31 21:00:00,62927.478,62983.288,62812.442,62980.75,2027,2424,0
2026-07-31 21:15:00,62980.75,63012.048,62963.241,62983.786,2017,2424,0
2026-07-31 21:30:00,62983.786,63005.602,62960.839,63002.713,2182,2424,0
2026-07-31 21:45:00,63002.713,63035.83,62893.931,62923.538,2666,2424,0
2026-07-31 22:00:00,62923.538,62995.99,62833.297,62971.144,3027,2424,0
2026-07-31 22:15:00,62971.143,62993.709,62957.73,62957.885,2246,2424,0
2026-07-31 22:30:00,62957.921,62975.049,62885.994,62917.232,2640,2424,0
2026-07-31 22:45:00,62917.232,62938.738,62885.038,62915.53,2391,2424,0
2026-07-31 23:00:00,62915.53,62979.564,62915.518,62946.4,2237,2424,0
2026-07-31 23:15:00,62946.4,62989.254,62939.838,62954.85,2427,2424,0
2026-07-31 23:30:00,62954.846,62968.529,62917.919,62918.192,2062,2424,0
2026-07-31 23:45:00,62918.192,62918.9,62823.657,62858.68,2438,2424,0
2026-08-01 00:00:00,62858.681,62944.8,62858.68,62925.659,2902,2424,0
2026-08-01 00:15:00,62925.659,62973.184,62903.895,62940.684,2921,2424,0
2026-08-01 00:30:00,62940.653,62971.669,62903.418,62970.516,2605,2424,0
2026-08-01 00:45:00,62970.516,62994.194,62901.216,62907.823,2498,2424,0
2026-08-01 01:00:00,62907.73,62943.272,62907.317,62943.035,3354,2424,0
2026-08-01 01:15:00,62943.035,62964.0,62887.55,62922.438,3614,2424,0
2026-08-01 01:30:00,62922.438,62952.288,62895.971,62943.718,3281,2424,0
2026-08-01 01:45:00,62943.718,62954.403,62914.843,62945.712,2332,2424,0
2026-08-01 02:00:00,62945.921,63003.635,62945.571,62991.083,3307,2424,0
2026-08-01 02:15:00,62991.083,63056.609,62991.077,63035.954,2223,2424,0
2026-08-01 02:30:00,63035.954,63067.488,63035.807,63042.274,1841,2424,0
2026-08-01 02:45:00,63042.274,63083.454,63021.782,63039.378,3338,2424,0
2026-08-01 03:00:00,63039.377,63045.1,62950.836,62957.422,3107,2424,0
2026-08-01 03:15:00,62957.419,63024.4,62936.021,62983.296,2861,2424,0
2026-08-01 03:30:00,62983.296,62999.4,62943.061,62969.528,2481,2424,0
2026-08-01 03:45:00,62969.528,62987.5,62948.014,62973.038,2568,2424,0
2026-08-01 04:00:00,62973.072,62988.4,62962.85,62987.783,2416,2424,0
2026-08-01 04:15:00,62987.783,63019.8,62987.756,63014.443,1976,2424,0
2026-08-01 04:30:00,63014.444,63038.887,63012.302,63038.877,2542,2424,0
2026-08-01 04:45:00,63038.877,63078.235,63034.016,63072.635,1966,2424,0
2026-08-01 05:00:00,63072.635,63116.845,63027.36,63092.834,2104,2424,0
2026-08-01 05:15:00,63092.908,63092.916,63039.244,63065.344,2977,2424,0
2026-08-01 05:30:00,63065.344,63072.182,62978.479,62982.163,2386,2424,0
2026-08-01 05:45:00,62982.163,63009.947,62968.11,62997.757,2131,2424,0
2026-08-01 06:00:00,62998.59,63013.693,62963.994,63000.681,2690,2424,0
2026-08-01 06:15:00,63000.777,63051.214,62977.314,63034.8,2689,2424,0
2026-08-01 06:30:00,63034.8,63044.882,63027.682,63032.591,1782,2424,0
2026-08-01 06:45:00,63032.591,63050.4,63028.91,63048.856,2473,2424,0
2026-08-01 07:00:00,63048.856,63085.572,63048.563,63080.49,3250,2424,0
2026-08-01 07:15:00,63080.462,63080.63,63035.354,63038.742,2580,2424,0
2026-08-01 07:30:00,63038.742,63038.742,62999.507,63013.293,2849,2424,0
2026-08-01 07:45:00,63013.286,63024.656,63010.942,63018.296,2796,2424,0
2026-08-01 08:00:00,63018.295,63071.017,63018.293,63070.939,1160,2424,0
2026-08-01 08:15:00,63070.939,63072.334,63060.689,63060.694,1466,2424,0
2026-08-01 08:30:00,63060.694,63107.938,63060.692,63069.005,1679,2424,0
2026-08-01 08:45:00,63069.005,63125.505,63057.89,63095.781,1829,2424,0
2026-08-01 09:00:00,63095.781,63110.261,63080.796,63082.961,2741,2424,0
2026-08-01 09:15:00,63082.961,63096.932,63067.797,63078.007,2302,2424,0
2026-08-01 09:30:00,63078.006,63085.557,63072.189,63072.238,1822,2424,0
2026-08-01 09:45:00,63072.238,63072.238,63012.33,63020.052,2294,2424,0
2026-08-01 10:00:00,63020.05,63084.029,62954.749,62979.44,3361,2424,0
2026-08-01 10:15:00,62979.304,63037.548,62964.193,63011.908,2009,2424,0
2026-08-01 10:30:00,63011.908,63046.9,62988.019,63036.662,1944,2424,0
2026-08-01 10:45:00,63036.663,63039.303,63006.99,63028.282,2217,2424,0
2026-08-01 11:00:00,63028.282,63031.815,63011.439,63031.738,2015,2424,0
2026-08-01 11:15:00,63031.738,63052.329,63008.675,63048.538,1703,2424,0
2026-08-01 11:30:00,63048.538,63062.931,63037.102,63040.602,1573,2424,0
2026-08-01 11:45:00,63040.602,63048.636,63040.241,63043.96,1701,2424,0
2026-08-01 12:00:00,63043.96,63092.934,63043.96,63069.543,1813,2424,0
2026-08-01 12:15:00,63069.543,63076.5,63065.31,63068.054,1619,2424,0
2026-08-01 12:30:00,63068.053,63075.963,63051.858,63065.145,1645,2424,0
2026-08-01 12:45:00,63065.145,63078.169,63065.084,63067.737,1909,2424,0
2026-08-01 13:00:00,63067.737,63074.801,63063.217,63070.511,943,2424,0
2026-08-01 13:15:00,63070.511,63070.512,63053.566,63054.307,1934,2424,0
2026-08-01 13:30:00,63054.307,63068.587,63044.849,63047.257,2168,2424,0
2026-08-01 13:45:00,63047.256,63047.277,63017.738,63035.534,1989,2424,0
2026-08-01 14:00:00,63035.535,63096.466,63035.535,63048.723,2189,2424,0
2026-08-01 14:15:00,63048.723,63095.435,63048.134,63087.322,2767,2424,0
2026-08-01 14:30:00,63087.323,63093.019,63054.948,63083.848,2545,2424,0
2026-08-01 14:45:00,63083.852,63096.029,63046.481,63096.029,2031,2424,0
2026-08-01 15:00:00,63096.03,63096.035,63076.457,63076.537,1911,2424,0
2026-08-01 15:15:00,63076.537,63076.64,63027.242,63030.951,1799,2424,0
2026-08-01 15:30:00,63030.95,63035.41,63022.095,63022.902,2082,2424,0
2026-08-01 15:45:00,63022.935,63023.035,62974.991,62975.142,1534,2424,0
2026-08-01 16:00:00,62975.142,62982.025,62899.291,62920.559,2558,2424,0
2026-08-01 16:15:00,62920.559,62943.39,62900.976,62928.918,2706,2424,0
2026-08-01 16:30:00,62928.917,63003.4,62916.998,62940.238,2526,2424,0
2026-08-01 16:45:00,62940.238,62940.24,62839.292,62898.772,2871,2424,0
2026-08-01 17:00:00,62898.771,62966.935,62832.838,62866.868,2094,2424,0
2026-08-01 17:15:00,62866.868,62866.868,62771.435,62811.887,3755,2424,0
2026-08-01 17:30:00,62811.887,62818.684,62707.438,62788.962,4078,2424,0
2026-08-01 17:45:00,62788.962,62789.434,62631.93,62682.943,3255,2424,0
2026-08-01 18:00:00,62682.943,62709.488,62587.618,62682.87,3339,2424,0
2026-08-01 18:15:00,62682.87,62682.87,62479.638,62543.779,4595,2424,0
2026-08-01 18:30:00,62543.779,62543.779,62233.502,62344.637,5358,2424,0
2026-08-01 18:45:00,62344.761,62555.976,62249.116,62551.125,5592,2424,0
2026-08-01 19:00:00,62551.125,62595.467,62488.445,62513.337,4655,2424,0
2026-08-01 19:15:00,62513.336,62588.036,62455.261,62513.716,3451,2424,0
2026-08-01 19:30:00,62514.2,62557.239,62429.282,62443.198,3677,2424,0
2026-08-01 19:45:00,62443.316,62517.0,62441.044,62500.922,3358,2424,0
2026-08-01 20:00:00,62500.92,62543.731,62455.642,62525.429,3313,2424,0
2026-08-01 20:15:00,62525.482,62613.74,62522.178,62586.159,3498,2424,0
2026-08-01 20:30:00,62586.752,62597.302,62527.561,62567.809,3456,2424,0
2026-08-01 20:45:00,62567.809,62641.781,62555.336,62630.591,3717,2424,0
2026-08-01 21:00:00,62630.591,62776.301,62629.65,62717.192,2557,2424,0
2026-08-01 21:15:00,62717.192,62765.259,62715.543,62764.706,3686,2424,0
2026-08-01 21:30:00,62764.661,62841.244,62732.326,62764.628,3484,2424,0
2026-08-01 21:45:00,62764.628,62801.694,62750.435,62788.812,2569,2424,0
2026-08-01 22:00:00,62788.812,62843.119,62761.127,62826.386,3284,2424,0
2026-08-01 22:15:00,62826.386,62839.9,62795.638,62827.387,2914,2424,0
2026-08-01 22:30:00,62827.387,62829.021,62796.947,62816.262,2947,2424,0
2026-08-01 22:45:00,62816.263,62826.415,62795.28,62798.62,2424,2424,0
2026-08-01 23:00:00,62798.62,62828.94,62770.895,62779.683,2787,2424,0
2026-08-01 23:15:00,62779.683,62779.686,62735.927,62744.3,2114,2424,0
2026-08-01 23:30:00,62744.3,62812.038,62744.157,62797.913,3717,2424,0
2026-08-01 23:45:00,62797.913,62810.3,62779.378,62791.073,2657,2424,0
2026-08-02 00:00:00,62791.073,62948.928,62790.992,62894.849,3552,2424,0
2026-08-02 00:15:00,62894.849,62910.6,62848.596,62850.629,2795,2424,0
2026-08-02 00:30:00,62850.629,62883.704,62816.104,62819.721,3381,2424,0
2026-08-02 00:45:00,62819.721,62836.274,62780.135,62806.281,2100,2424,0
2026-08-02 01:00:00,62806.281,62998.738,62806.281,62983.442,2663,2424,0
2026-08-02 01:15:00,62983.45,63064.853,62945.054,62956.695,2659,2424,0
2026-08-02 01:30:00,62956.695,62998.009,62948.616,62992.406,2294,2424,0
2026-08-02 01:45:00,62992.406,62992.41,62954.39,62959.478,2086,2424,0
2026-08-02 02:00:00,62959.478,63524.751,62924.39,63435.258,3361,2424,0
2026-08-02 02:15:00,63434.747,63528.919,63369.575,63379.383,5711,2424,0
2026-08-02 02:30:00,63379.383,63433.711,63301.668,63356.69,4269,2424,0
2026-08-02 02:45:00,63356.69,63460.93,63313.522,63423.891,3793,2424,0
2026-08-02 03:00:00,63423.885,63435.706,63351.974,63392.2,3719,2424,0
2026-08-02 03:15:00,63392.217,63527.781,63349.726,63417.087,4108,2424,0
2026-08-02 03:30:00,63417.088,63479.178,63417.088,63473.145,2538,2424,0
2026-08-02 03:45:00,63473.143,63486.45,63396.637,63435.572,2932,2424,0
2026-08-02 04:00:00,63435.572,63528.772,63435.572,63514.358,2038,2424,0
2026-08-02 04:15:00,63514.358,63533.186,63487.355,63513.209,2366,2424,0
2026-08-02 04:30:00,63513.215,63531.187,63497.125,63498.708,2239,2424,0
2026-08-02 04:45:00,63498.708,63590.209,63498.706,63556.197,2236,2424,0
2026-08-02 05:00:00,63556.197,63616.981,63435.155,63460.338,2835,2424,0
2026-08-02 05:15:00,63460.339,63473.205,63431.076,63468.444,1989,2424,0
2026-08-02 05:30:00,63468.523,63468.523,63389.939,63394.34,2470,2424,0
2026-08-02 05:45:00,63394.341,63430.369,63393.867,63428.0,1613,2424,0
2026-08-02 06:00:00,63428.0,63459.685,63413.5,63414.288,1818,2424,0
2026-08-02 06:15:00,63414.288,63471.008,63401.209,63470.738,1633,2424,0
2026-08-02 06:30:00,63470.738,63478.065,63434.241,63472.181,1529,2424,0
2026-08-02 06:45:00,63472.181,63472.449,63455.695,63458.776,1238,2424,0
2026-08-02 07:00:00,63458.776,63466.5,63449.9,63459.066,1000,2424,0
2026-08-02 07:15:00,63459.066,63468.066,63458.59,63458.762,937,2424,0
2026-08-02 07:30:00,63458.762,63513.327,63457.427,63507.576,1577,2424,0
2026-08-02 07:45:00,63507.575,63507.73,63447.838,63467.08,1429,2424,0
2026-08-02 08:00:00,63467.061,63506.661,63455.467,63461.566,1709,2424,0
2026-08-02 08:15:00,63461.566,63461.648,63356.637,63360.449,2280,2424,0
2026-08-02 08:30:00,63360.328,63367.438,63182.388,63200.555,2998,2424,0
2026-08-02 08:45:00,63200.428,63214.067,63139.416,63169.892,3083,2424,0
2026-08-02 09:00:00,63169.892,63263.137,63063.991,63239.716,3788,2424,0
2026-08-02 09:15:00,63239.716,63287.381,63204.686,63205.124,1880,2424,0
2026-08-02 09:30:00,63205.124,63300.39,63204.577,63238.155,2601,2424,0
2026-08-02 09:45:00,63238.155,63252.513,63227.035,63248.255,1828,2424,0
2026-08-02 10:00:00,63248.255,63248.255,63174.966,63178.341,2202,2424,0
2026-08-02 10:15:00,63178.341,63246.01,63094.594,63118.471,3072,2424,0
2026-08-02 10:30:00,63118.471,63190.541,63118.471,63177.534,2373,2424,0
2026-08-02 10:45:00,63177.534,63184.633,63166.562,63175.57,1623,2424,0
2026-08-02 11:00:00,63175.57,63175.57,63108.889,63136.906,1837,2424,0
2026-08-02 11:15:00,63136.906,63184.735,63089.848,63128.529,2103,2424,0
2026-08-02 11:30:00,63128.529,63158.562,63070.093,63093.123,3045,2424,0
2026-08-02 11:45:00,63093.123,63145.188,62959.634,63006.038,3802,2424,0
2026-08-02 12:00:00,63006.039,63157.5,63005.91,63151.438,3165,2424,0
2026-08-02 12:15:00,63151.438,63213.838,63123.874,63154.098,3345,2424,0
2026-08-02 12:30:00,63154.098,63188.787,63082.438,63121.838,1922,2424,0
2026-08-02 12:45:00,63121.838,63134.2,63083.925,63096.01,1705,2424,0
2026-08-02 13:00:00,63096.01,63118.085,63062.292,63084.0,1698,2424,0
2026-08-02 13:15:00,63084.0,63088.644,63023.582,63054.912,1960,2424,0
2026-08-02 13:30:00,63054.912,63082.053,62973.19,63069.385,1973,2424,0
2026-08-02 13:45:00,63069.6,63112.679,63062.858,63093.864,1939,2424,0
2026-08-02 14:00:00,63093.866,63093.866,63030.489,63063.908,2152,2424,0
2026-08-02 14:15:00,63063.906,63133.032,63063.906,63103.645,2811,2424,0
2026-08-02 14:30:00,63103.646,63160.539,63065.418,63127.766,3063,2424,0
2026-08-02 14:45:00,63127.766,63133.453,63032.62,63041.484,2200,2424,0
2026-08-02 15:00:00,63041.484,63100.4,63021.739,63094.877,2031,2424,0
2026-08-02 15:15:00,63094.877,63108.059,63073.475,63099.047,1669,2424,0
2026-08-02 15:30:00,63099.047,63157.11,63098.812,63117.979,1686,2424,0
2026-08-02 15:45:00,63117.979,63127.801,63077.036,63080.723,2217,2424,0
2026-08-02 16:00:00,63080.723,63114.887,63036.565,63079.05,2304,2424,0
2026-08-02 16:15:00,63079.05,63107.294,63045.838,63085.973,2226,2424,0
2026-08-02 16:30:00,63085.973,63250.44,63074.26,63197.52,3062,2424,0
2026-08-02 16:45:00,63197.52,63211.0,63156.749,63156.749,2195,2424,0
2026-08-02 17:00:00,63156.662,63197.677,63128.655,63189.689,2200,2424,0
2026-08-02 17:15:00,63189.689,63322.628,63165.211,63264.403,2119,2424,0
2026-08-02 17:30:00,63264.403,63301.539,63264.373,63301.215,2443,2424,0
2026-08-02 17:45:00,63301.215,63308.738,63277.985,63278.543,1701,2424,0
2026-08-02 18:00:00,63278.543,63308.738,63268.696,63290.695,1773,2424,0
2026-08-02 18:15:00,63290.695,63304.4,63265.015,63267.844,1914,2424,0
2026-08-02 18:30:00,63267.942,63589.084,63267.526,63476.517,3660,2424,0
2026-08-02 18:45:00,63478.489,63490.584,63349.189,63362.85,3789,2424,0
2026-08-02 19:00:00,63362.85,63372.5,63320.548,63334.769,2652,2424,0
2026-08-02 19:15:00,63334.768,63352.174,63304.449,63304.795,1598,2424,0
2026-08-02 19:30:00,63304.802,63379.863,63304.777,63379.328,1698,2424,0
2026-08-02 19:45:00,63379.328,63458.783,63379.272,63431.845,2645,2424,0
2026-08-02 20:00:00,63398.616,63440.7,63390.213,63440.243,1472,2424,0
2026-08-02 20:15:00,63440.062,63476.786,63378.689,63388.074,2282,2424,0
2026-08-02 20:30:00,63388.074,63436.383,63387.793,63412.535,2153,2424,0
2026-08-02 20:45:00,63412.535,63482.7,63392.889,63475.9,2534,2424,0
2026-08-02 21:00:00,63475.9,63553.319,63457.978,63503.57,2930,2424,0
2026-08-02 21:15:00,63503.57,63533.7,63486.461,63521.549,2100,2424,0
2026-08-02 21:30:00,63521.549,63764.885,63483.698,63674.389,3347,2424,0
2026-08-02 21:45:00,63674.389,63772.163,63531.241,63558.912,3886,2424,0
2026-08-02 22:00:00,63558.548,63777.939,63558.223,63673.565,5012,2424,0
2026-08-02 22:15:00,63673.573,63768.525,63552.017,63569.987,4630,2424,0
2026-08-02 22:30:00,63569.987,63580.1,63343.955,63490.283,3774,2424,0
2026-08-02 22:45:00,63490.359,63546.081,63393.513,63396.807,3001,2424,0
2026-08-02 23:00:00,63396.807,63431.0,63313.2,63337.317,3530,2424,0
2026-08-02 23:15:00,63337.317,63528.205,63311.9,63513.6,3813,2424,0
2026-08-02 23:30:00,63513.6,63575.92,63461.332,63501.253,3193,2424,0
2026-08-02 23:45:00,63501.253,63549.084,63454.808,63549.035,3422,2424,0
2026-08-03 00:00:00,63549.034,63574.936,63361.624,63404.658,4814,2424,0
2026-08-03 00:15:00,63400.104,63423.6,63225.204,63237.556,4119,2424,0
2026-08-03 00:30:00,63237.556,63398.876,63187.886,63307.479,3491,2424,0
2026-08-03 00:45:00,63307.48,63332.222,63243.492,63296.78,3617,2424,0
2026-08-03 01:00:00,63296.779,63331.554,63153.282,63199.267,4013,2424,0
2026-08-03 01:15:00,63199.204,63240.2,63086.518,63150.127,3905,2424,0
2026-08-03 01:30:00,63150.305,63227.6,63134.803,63198.666,3581,2424,0
2026-08-03 01:45:00,63198.666,63209.076,63136.888,63184.616,3606,2424,0
2026-08-03 02:00:00,63184.616,63208.544,63114.965,63178.638,4385,2424,0
2026-08-03 02:15:00,63178.484,63264.923,63066.944,63100.519,3453,2424,0
2026-08-03 02:30:00,63100.519,63198.238,63081.68,63155.619,3505,2424,0
2026-08-03 02:45:00,63155.615,63174.865,63093.375,63116.747,2673,2424,0
2026-08-03 03:00:00,63116.747,63151.581,63072.646,63088.633,2742,2424,0
2026-08-03 03:15:00,63088.709,63119.784,63043.443,63057.033,2689,2424,0
2026-08-03 03:30:00,63057.033,63068.185,63014.256,63041.119,2348,2424,0
2026-08-03 03:45:00,63041.119,63041.12,62749.652,62838.297,4179,2424,0
2026-08-03 04:00:00,62838.296,62915.776,62785.011,62843.779,3727,2424,0
2026-08-03 04:15:00,62843.779,62953.611,62843.661,62945.548,2332,2424,0
2026-08-03 04:30:00,62945.548,62975.596,62930.595,62944.979,2417,2424,0
2026-08-03 04:45:00,62954.054,62954.054,62744.138,62764.139,3277,2424,0
2026-08-03 05:00:00,62764.139,62844.831,62717.89,62822.443,3092,2424,0
2026-08-03 05:15:00,62822.443,62847.4,62765.033,62789.224,2627,2424,0
2026-08-03 05:30:00,62789.224,62824.19,62737.045,62777.838,2719,2424,0
2026-08-03 05:45:00,62777.838,62838.818,62772.908,62798.736,2503,2424,0
2026-08-03 06:00:00,62798.736,62848.774,62791.071,62813.415,2261,2424,0
2026-08-03 06:15:00,62813.345,62823.559,62723.926,62763.738,2490,2424,0
2026-08-03 06:30:00,62763.738,62814.276,62604.059,62604.251,3720,2424,0
2026-08-03 06:45:00,62604.077,62658.237,62577.438,62593.843,3683,2424,0
2026-08-03 07:00:00,62593.817,62647.713,62560.907,62574.195,4009,2424,0
2026-08-03 07:15:00,62574.195,62642.581,62518.355,62612.698,3903,2424,0
2026-08-03 07:30:00,62612.702,62670.704,62564.744,62607.4,2978,2424,0
2026-08-03 07:45:00,62609.471,62643.872,62535.955,62589.895,3176,2424,0
2026-08-03 08:00:00,62589.895,62622.918,62484.563,62542.656,3715,2424,0
2026-08-03 08:15:00,62542.656,62543.088,62291.218,62305.698,4838,2424,0
2026-08-03 08:30:00,62305.698,62415.854,62266.994,62410.1,4396,2424,0
2026-08-03 08:45:00,62410.1,62516.568,62402.695,62511.171,3148,2424,0
2026-08-03 09:00:00,62511.172,62559.474,62486.499,62541.52,2645,2424,0
2026-08-03 09:15:00,62541.52,62641.899,62541.316,62619.223,2899,2424,0
2026-08-03 09:30:00,62619.223,62683.311,62595.283,62661.236,3090,2424,0
2026-08-03 09:45:00,62661.265,62843.612,62660.906,62804.419,3892,2424,0
2026-08-03 10:00:00,62804.419,62837.683,62735.623,62759.656,3587,2424,0
2026-08-03 10:15:00,62759.655,62807.038,62702.064,62713.175,3337,2424,0
2026-08-03 10:30:00,62713.175,62713.175,62636.133,62678.648,2735,2424,0
2026-08-03 10:45:00,62678.648,62751.72,62584.3,62707.653,2968,2424,0
2026-08-03 11:00:00,62707.653,62714.445,62554.338,62615.93,3528,2424,0
2026-08-03 11:15:00,62615.692,62743.736,62604.965,62670.776,2958,2424,0
2026-08-03 11:30:00,62670.779,62745.637,62635.497,62666.759,2490,2424,0
2026-08-03 11:45:00,62666.759,62676.524,62505.02,62532.79,3729,2424,0
2026-08-03 12:00:00,62532.79,62583.2,62404.678,62523.812,4545,2424,0
2026-08-03 12:15:00,62523.812,62660.6,62512.827,62597.66,3424,2424,0
2026-08-03 12:30:00,62597.66,62732.218,62580.226,62732.164,3065,2424,0
2026-08-03 12:45:00,62732.165,62767.871,62655.614,62668.294,3729,2424,0
2026-08-03 13:00:00,62668.294,62756.454,62665.44,62745.858,3517,2424,0
2026-08-03 13:15:00,62745.858,62976.884,62689.141,62736.045,4903,2424,0
2026-08-03 13:30:00,62736.045,62914.839,62532.138,62900.169,6456,2424,0
2026-08-03 13:45:00,62900.162,63367.176,62776.547,63316.168,6502,2424,0
2026-08-03 14:00:00,63316.238,63419.149,63108.282,63297.764,6659,2424,0
2026-08-03 14:15:00,63297.763,63769.015,63136.381,63736.014,6806,2424,0
2026-08-03 14:30:00,63736.698,63876.327,63604.378,63755.17,6863,2424,0
2026-08-03 14:45:00,63755.178,63954.638,63625.591,63926.747,6211,2424,0
2026-08-03 15:00:00,63926.744,63957.126,63723.944,63788.29,5966,2424,0
2026-08-03 15:15:00,63788.374,63827.4,63641.149,63677.055,5548,2424,0
2026-08-03 15:30:00,63677.055,63875.459,63670.9,63749.164,5522,2424,0
2026-08-03 15:45:00,63749.165,63812.87,63608.968,63658.653,4785,2424,0
2026-08-03 16:00:00,63658.66,63862.2,63624.718,63769.293,5524,2424,0
2026-08-03 16:15:00,63769.293,63906.463,63761.568,63867.291,4653,2424,0
2026-08-03 16:30:00,63867.291,63867.291,63674.485,63735.437,3889,2424,0
2026-08-03 16:45:00,63738.53,63848.738,63706.838,63736.561,3423,2424,0
2026-08-03 17:00:00,63736.712,63828.662,63678.643,63819.414,3619,2424,0
2026-08-03 17:15:00,63819.456,64038.3,63779.289,63790.798,4284,2424,0
2026-08-03 17:30:00,63790.798,63905.261,63755.906,63861.823,3672,2424,0
2026-08-03 17:45:00,63861.823,63926.321,63833.767,63872.948,3492,2424,0
2026-08-03 18:00:00,63872.948,63969.289,63833.512,63933.798,3606,2424,0
2026-08-03 18:15:00,63933.783,63954.128,63775.772,63816.577,3775,2424,0
2026-08-03 18:30:00,63816.577,63895.758,63775.621,63820.261,3589,2424,0
2026-08-03 18:45:00,63820.261,63886.637,63733.755,63834.401,3373,2424,0
2026-08-03 19:00:00,63834.401,63898.738,63806.207,63890.182,3066,2424,0
2026-08-03 19:15:00,63891.6,63978.517,63887.468,63932.1,3754,2424,0
2026-08-03 19:30:00,63932.1,64054.407,63830.529,63918.143,4243,2424,0
2026-08-03 19:45:00,63918.143,63939.685,63827.42,63835.626,4105,2424,0
2026-08-03 20:00:00,63835.634,63921.745,63779.989,63862.796,3678,2424,0
2026-08-03 20:15:00,63862.796,63992.076,63858.542,63916.25,3484,2424,0
2026-08-03 20:30:00,63916.25,63916.327,63873.989,63885.686,2067,2424,0
2026-08-03 20:45:00,63885.686,63887.195,63735.943,63754.727,2979,2424,0
2026-08-03 21:00:00,63754.727,63758.9,63686.889,63691.689,1680,2424,0
2026-08-03 21:15:00,63691.699,63762.234,63653.915,63696.7,3262,2424,0
2026-08-03 21:30:00,63696.7,63703.372,63637.148,63658.315,2576,2424,0
2026-08-03 21:45:00,63658.315,63658.343,63523.311,63559.491,2820,2424,0
2026-08-03 22:00:00,63559.491,63587.436,63350.994,63469.862,4005,2424,0
2026-08-03 22:15:00,63469.977,63648.071,63469.977,63499.969,3443,2424,0
2026-08-03 22:30:00,63499.942,63535.6,63461.911,63478.079,2951,2424,0
2026-08-03 22:45:00,63478.08,63612.2,63477.961,63586.189,3149,2424,0
2026-08-03 23:00:00,63586.182,63586.182,63499.651,63512.67,3106,2424,0
2026-08-03 23:15:00,63512.668,63595.9,63506.434,63548.021,2786,2424,0
2026-08-03 23:30:00,63548.021,63548.021,63433.964,63476.901,2389,2424,0
2026-08-03 23:45:00,63476.902,63496.374,63452.898,63495.961,2489,2424,0
2026-08-04 00:00:00,63495.961,63558.123,63439.138,63439.138,3857,2424,0
2026-08-04 00:15:00,63439.138,63473.438,63358.744,63421.965,4068,2424,0
2026-08-04 00:30:00,63421.965,63421.965,63308.682,63369.667,4414,2424,0
2026-08-04 00:45:00,63369.667,63450.994,63294.247,63336.69,4395,2424,0
2026-08-04 01:00:00,63336.711,63466.6,63336.042,63445.49,4493,2424,0
2026-08-04 01:15:00,63445.766,63553.633,63391.552,63498.635,4485,2424,0
2026-08-04 01:30:00,63498.635,63902.824,63498.629,63786.978,5342,2424,0
2026-08-04 01:45:00,63787.002,63854.179,63708.689,63814.57,4677,2424,0
2026-08-04 02:00:00,63814.57,63841.217,63723.53,63734.809,4261,2424,0
2026-08-04 02:15:00,63734.809,63777.888,63655.499,63662.822,3630,2424,0
2026-08-04 02:30:00,63662.823,63954.5,63650.439,63869.19,3539,2424,0
2026-08-04 02:45:00,63869.19,63899.111,63779.44,63801.087,3307,2424,0
2026-08-04 03:00:00,63801.088,63814.232,63783.763,63784.519,581,2424,0
